series_code,year,event,circuit_name,session,session_id,car,class,driver_name,driver_id,lap,stint_number,stint_lap,lap_time,lap_time_s1,lap_time_s2,lap_time_s3,pit_time,flags,est_tire_age,air_temp_f,track_temp_f,humidity_percent,raining,race_duration_minutes
imsa,2023,Long Beach,Acura Grand Prix of Long Beach,race,537,10,GTP,Filipe Albuquerque,filipe albuquerque,1,1.0,0,84.12,26.958,28.999,28.163,,FCY,0,,,,,103
imsa,2023,Long Beach,Acura Grand Prix of Long Beach,race,537,10,GTP,Filipe Albuquerque,filipe albuquerque,2,1.0,1,142.186,47.329,54.261,40.596,,FCY,0,,,,,103
imsa,2023,Long Beach,Acura Grand Prix of Long Beach,race,537,10,GTP,Filipe Albuquerque,filipe albuquerque,3,1.0,2,143.795,51.64,53.314,38.841,,FCY,0,,,,,103
imsa,2023,Long Beach,Acura Grand Prix of Long Beach,race,537,10,GTP,Filipe Albuquerque,filipe albuquerque,4,1.0,3,138.161,50.196,52.102,35.863,,FCY,0,,,,,103
imsa,2023,Long Beach,Acura Grand Prix of Long Beach,race,537,10,GTP,Filipe Albuquerque,filipe albuquerque,5,1.0,4,120.322,42.601,46.253,31.468,,GF,0,,,,,103
imsa,2023,Long Beach,Acura Grand Prix of Long Beach,race,537,10,GTP,Filipe Albuquerque,filipe albuquerque,6,1.0,5,75.874,25.064,28.479,22.331,,GF,1,,,,,103
imsa,2023,Long Beach,Acura Grand Prix of Long Beach,race,537,10,GTP,Filipe Albuquerque,filipe albuquerque,7,1.0,6,73.918,24.35,27.77,21.798,,GF,2,,,,,103
imsa,2023,Long Beach,Acura Grand Prix of Long Beach,race,537,10,GTP,Filipe Albuquerque,filipe albuquerque,8,1.0,7,73.751,24.089,27.878,21.784,,GF,3,,,,,103
imsa,2023,Long Beach,Acura Grand Prix of Long Beach,race,537,10,GTP,Filipe Albuquerque,filipe albuquerque,9,1.0,8,73.049,23.901,27.55,21.598,,GF,4,,,,,103
imsa,2023,Long Beach,Acura Grand Prix of Long Beach,race,537,10,GTP,Filipe Albuquerque,filipe albuquerque,10,1.0,9,72.835,23.792,27.425,21.618,,GF,5,,,,,103
imsa,2023,Long Beach,Acura Grand Prix of Long Beach,race,537,10,GTP,Filipe Albuquerque,filipe albuquerque,11,1.0,10,72.395,23.671,27.298,21.426,,GF,6,,,,,103
imsa,2023,Long Beach,Acura Grand Prix of Long Beach,race,537,10,GTP,Filipe Albuquerque,filipe albuquerque,12,1.0,11,72.45,23.603,27.364,21.483,,GF,7,,,,,103
imsa,2023,Long Beach,Acura Grand Prix of Long Beach,race,537,10,GTP,Filipe Albuquerque,filipe albuquerque,13,1.0,12,72.577,23.829,27.311,21.437,,GF,8,,,,,103
imsa,2023,Long Beach,Acura Grand Prix of Long Beach,race,537,10,GTP,Filipe Albuquerque,filipe albuquerque,14,1.0,13,73.744,24.068,28.045,21.631,,GF,9,,,,,103
imsa,2023,Long Beach,Acura Grand Prix of Long Beach,race,537,10,GTP,Filipe Albuquerque,filipe albuquerque,15,1.0,14,75.409,25.157,28.663,21.589,,GF,10,,,,,103
imsa,2023,Long Beach,Acura Grand Prix of Long Beach,race,537,10,GTP,Filipe Albuquerque,filipe albuquerque,16,1.0,15,73.451,23.795,27.5,22.156,,GF,11,,,,,103
imsa,2023,Long Beach,Acura Grand Prix of Long Beach,race,537,10,GTP,Filipe Albuquerque,filipe albuquerque,17,1.0,16,72.821,23.829,27.501,21.491,,GF,12,,,,,103
imsa,2023,Long Beach,Acura Grand Prix of Long Beach,race,537,10,GTP,Filipe Albuquerque,filipe albuquerque,18,1.0,17,74.576,24.122,27.829,22.625,,GF,13,,,,,103
imsa,2023,Long Beach,Acura Grand Prix of Long Beach,race,537,10,GTP,Filipe Albuquerque,filipe albuquerque,19,1.0,18,71.846,23.451,27.123,21.272,,GF,14,,,,,103
imsa,2023,Long Beach,Acura Grand Prix of Long Beach,race,537,10,GTP,Filipe Albuquerque,filipe albuquerque,20,1.0,19,71.919,23.491,27.136,21.292,,GF,15,,,,,103
imsa,2023,Long Beach,Acura Grand Prix of Long Beach,race,537,10,GTP,Filipe Albuquerque,filipe albuquerque,21,1.0,20,73.465,23.697,28.097,21.671,,GF,16,,,,,103
imsa,2023,Long Beach,Acura Grand Prix of Long Beach,race,537,10,GTP,Filipe Albuquerque,filipe albuquerque,22,1.0,21,74.37,24.091,28.023,22.256,,GF,17,,,,,103
imsa,2023,Long Beach,Acura Grand Prix of Long Beach,race,537,10,GTP,Filipe Albuquerque,filipe albuquerque,23,1.0,22,73.026,23.999,27.797,21.23,,GF,18,,,,,103
imsa,2023,Long Beach,Acura Grand Prix of Long Beach,race,537,10,GTP,Filipe Albuquerque,filipe albuquerque,24,1.0,23,72.241,23.549,27.275,21.417,,GF,19,,,,,103
imsa,2023,Long Beach,Acura Grand Prix of Long Beach,race,537,10,GTP,Filipe Albuquerque,filipe albuquerque,25,1.0,24,73.496,24.154,27.836,21.506,,GF,20,,,,,103
imsa,2023,Long Beach,Acura Grand Prix of Long Beach,race,537,10,GTP,Filipe Albuquerque,filipe albuquerque,26,1.0,25,72.427,23.805,27.273,21.349,,GF,21,,,,,103
imsa,2023,Long Beach,Acura Grand Prix of Long Beach,race,537,10,GTP,Filipe Albuquerque,filipe albuquerque,27,1.0,26,71.902,23.59,27.061,21.251,,GF,22,,,,,103
imsa,2023,Long Beach,Acura Grand Prix of Long Beach,race,537,10,GTP,Filipe Albuquerque,filipe albuquerque,28,1.0,27,71.86,23.522,27.026,21.312,,GF,23,,,,,103
imsa,2023,Long Beach,Acura Grand Prix of Long Beach,race,537,10,GTP,Filipe Albuquerque,filipe albuquerque,29,1.0,28,74.537,23.6,27.378,23.559,,GF,24,,,,,103
imsa,2023,Long Beach,Acura Grand Prix of Long Beach,race,537,10,GTP,Filipe Albuquerque,filipe albuquerque,30,1.0,29,74.503,24.507,28.233,21.763,,GF,25,,,,,103
imsa,2023,Long Beach,Acura Grand Prix of Long Beach,race,537,10,GTP,Filipe Albuquerque,filipe albuquerque,31,1.0,30,88.537,25.042,28.279,35.216,,GF,26,,,,,103
imsa,2023,Long Beach,Acura Grand Prix of Long Beach,race,537,10,GTP,Ricky Taylor,ricky taylor,32,2.0,0,142.692,90.626,29.751,22.315,80.768,GF,0,,,,,103
imsa,2023,Long Beach,Acura Grand Prix of Long Beach,race,537,10,GTP,Ricky Taylor,ricky taylor,33,2.0,1,75.222,24.7,28.344,22.178,,GF,0,,,,,103
imsa,2023,Long Beach,Acura Grand Prix of Long Beach,race,537,10,GTP,Ricky Taylor,ricky taylor,34,2.0,2,74.033,24.544,27.675,21.814,,GF,1,,,,,103
imsa,2023,Long Beach,Acura Grand Prix of Long Beach,race,537,10,GTP,Ricky Taylor,ricky taylor,35,2.0,3,73.224,24.035,27.699,21.49,,GF,2,,,,,103
imsa,2023,Long Beach,Acura Grand Prix of Long Beach,race,537,10,GTP,Ricky Taylor,ricky taylor,36,2.0,4,72.797,23.844,27.301,21.652,,GF,3,,,,,103
imsa,2023,Long Beach,Acura Grand Prix of Long Beach,race,537,10,GTP,Ricky Taylor,ricky taylor,37,2.0,5,72.615,23.684,27.429,21.502,,GF,4,,,,,103
imsa,2023,Long Beach,Acura Grand Prix of Long Beach,race,537,10,GTP,Ricky Taylor,ricky taylor,38,2.0,6,72.891,23.698,27.864,21.329,,GF,5,,,,,103
imsa,2023,Long Beach,Acura Grand Prix of Long Beach,race,537,10,GTP,Ricky Taylor,ricky taylor,39,2.0,7,73.288,23.579,27.079,22.63,,GF,6,,,,,103
imsa,2023,Long Beach,Acura Grand Prix of Long Beach,race,537,10,GTP,Ricky Taylor,ricky taylor,40,2.0,8,72.66,23.61,27.663,21.387,,GF,7,,,,,103
imsa,2023,Long Beach,Acura Grand Prix of Long Beach,race,537,10,GTP,Ricky Taylor,ricky taylor,41,2.0,9,72.189,23.656,27.227,21.306,,GF,8,,,,,103
imsa,2023,Long Beach,Acura Grand Prix of Long Beach,race,537,10,GTP,Ricky Taylor,ricky taylor,42,2.0,10,72.18,23.649,27.104,21.427,,GF,9,,,,,103
imsa,2023,Long Beach,Acura Grand Prix of Long Beach,race,537,10,GTP,Ricky Taylor,ricky taylor,43,2.0,11,72.201,23.617,27.123,21.461,,GF,10,,,,,103
imsa,2023,Long Beach,Acura Grand Prix of Long Beach,race,537,10,GTP,Ricky Taylor,ricky taylor,44,2.0,12,75.745,24.367,28.521,22.857,,GF,11,,,,,103
imsa,2023,Long Beach,Acura Grand Prix of Long Beach,race,537,10,GTP,Ricky Taylor,ricky taylor,45,2.0,13,74.009,23.657,27.702,22.65,,GF,12,,,,,103
imsa,2023,Long Beach,Acura Grand Prix of Long Beach,race,537,10,GTP,Ricky Taylor,ricky taylor,46,2.0,14,73.043,23.816,27.412,21.815,,GF,13,,,,,103
imsa,2023,Long Beach,Acura Grand Prix of Long Beach,race,537,10,GTP,Ricky Taylor,ricky taylor,47,2.0,15,73.362,23.554,27.253,22.555,,GF,14,,,,,103
imsa,2023,Long Beach,Acura Grand Prix of Long Beach,race,537,10,GTP,Ricky Taylor,ricky taylor,48,2.0,16,72.488,23.794,27.345,21.349,,GF,15,,,,,103
imsa,2023,Long Beach,Acura Grand Prix of Long Beach,race,537,10,GTP,Ricky Taylor,ricky taylor,49,2.0,17,73.666,23.855,27.716,22.095,,GF,16,,,,,103
imsa,2023,Long Beach,Acura Grand Prix of Long Beach,race,537,10,GTP,Ricky Taylor,ricky taylor,50,2.0,18,72.059,23.581,27.168,21.31,,GF,17,,,,,103
imsa,2023,Long Beach,Acura Grand Prix of Long Beach,race,537,10,GTP,Ricky Taylor,ricky taylor,51,2.0,19,72.874,23.754,27.775,21.345,,GF,18,,,,,103
imsa,2023,Long Beach,Acura Grand Prix of Long Beach,race,537,10,GTP,Ricky Taylor,ricky taylor,52,2.0,20,72.741,23.535,27.849,21.357,,GF,19,,,,,103
imsa,2023,Long Beach,Acura Grand Prix of Long Beach,race,537,10,GTP,Ricky Taylor,ricky taylor,53,2.0,21,72.18,23.758,27.114,21.308,,GF,20,,,,,103
imsa,2023,Long Beach,Acura Grand Prix of Long Beach,race,537,10,GTP,Ricky Taylor,ricky taylor,54,2.0,22,72.014,23.732,27.001,21.281,,GF,21,,,,,103
imsa,2023,Long Beach,Acura Grand Prix of Long Beach,race,537,10,GTP,Ricky Taylor,ricky taylor,55,2.0,23,72.222,23.54,27.341,21.341,,GF,22,,,,,103
imsa,2023,Long Beach,Acura Grand Prix of Long Beach,race,537,10,GTP,Ricky Taylor,ricky taylor,56,2.0,24,73.851,24.172,28.313,21.366,,GF,23,,,,,103
imsa,2023,Long Beach,Acura Grand Prix of Long Beach,race,537,10,GTP,Ricky Taylor,ricky taylor,57,2.0,25,71.808,23.554,26.9,21.354,,GF,24,,,,,103
imsa,2023,Long Beach,Acura Grand Prix of Long Beach,race,537,10,GTP,Ricky Taylor,ricky taylor,58,2.0,26,73.958,24.467,27.51,21.981,,GF,25,,,,,103
imsa,2023,Long Beach,Acura Grand Prix of Long Beach,race,537,10,GTP,Ricky Taylor,ricky taylor,59,2.0,27,71.838,23.353,27.184,21.301,,GF,26,,,,,103
imsa,2023,Long Beach,Acura Grand Prix of Long Beach,race,537,10,GTP,Ricky Taylor,ricky taylor,60,2.0,28,72.113,23.683,27.061,21.369,,GF,27,,,,,103
imsa,2023,Long Beach,Acura Grand Prix of Long Beach,race,537,10,GTP,Ricky Taylor,ricky taylor,61,2.0,29,73.003,23.701,27.878,21.424,,GF,28,,,,,103
imsa,2023,Long Beach,Acura Grand Prix of Long Beach,race,537,10,GTP,Ricky Taylor,ricky taylor,62,2.0,30,73.088,23.529,27.981,21.578,,GF,29,,,,,103
imsa,2023,Long Beach,Acura Grand Prix of Long Beach,race,537,10,GTP,Ricky Taylor,ricky taylor,63,2.0,31,74.96,24.414,28.638,21.908,,GF,30,,,,,103
imsa,2023,Long Beach,Acura Grand Prix of Long Beach,race,537,10,GTP,Ricky Taylor,ricky taylor,64,2.0,32,72.849,24.083,27.243,21.523,,GF,31,,,,,103
imsa,2023,Long Beach,Acura Grand Prix of Long Beach,race,537,10,GTP,Ricky Taylor,ricky taylor,65,2.0,33,73.365,23.786,28.047,21.532,,GF,32,,,,,103
imsa,2023,Long Beach,Acura Grand Prix of Long Beach,race,537,10,GTP,Ricky Taylor,ricky taylor,66,2.0,34,73.678,23.819,28.481,21.378,,GF,33,,,,,103
imsa,2023,Long Beach,Acura Grand Prix of Long Beach,race,537,10,GTP,Ricky Taylor,ricky taylor,67,2.0,35,75.468,23.717,29.75,22.001,,GF,34,,,,,103
imsa,2023,Long Beach,Acura Grand Prix of Long Beach,race,537,10,GTP,Ricky Taylor,ricky taylor,68,2.0,36,72.9,23.582,27.31,22.008,,GF,35,,,,,103
imsa,2023,Long Beach,Acura Grand Prix of Long Beach,race,537,10,GTP,Ricky Taylor,ricky taylor,69,2.0,37,74.345,23.849,28.16,22.336,,GF,36,,,,,103
imsa,2023,Long Beach,Acura Grand Prix of Long Beach,race,537,10,GTP,Ricky Taylor,ricky taylor,70,2.0,38,75.148,24.433,29.062,21.653,,GF,37,,,,,103
imsa,2023,Long Beach,Acura Grand Prix of Long Beach,race,537,10,GTP,Ricky Taylor,ricky taylor,71,2.0,39,73.215,24.34,27.409,21.466,,GF,38,,,,,103
imsa,2023,Long Beach,Acura Grand Prix of Long Beach,race,537,10,GTP,Ricky Taylor,ricky taylor,72,2.0,40,72.237,23.719,27.176,21.342,,GF,39,,,,,103
imsa,2023,Long Beach,Acura Grand Prix of Long Beach,race,537,10,GTP,Ricky Taylor,ricky taylor,73,2.0,41,72.65,23.529,27.208,21.913,,GF,40,,,,,103
imsa,2023,Long Beach,Acura Grand Prix of Long Beach,race,537,10,GTP,Ricky Taylor,ricky taylor,74,2.0,42,72.109,23.722,27.123,21.264,,GF,41,,,,,103
imsa,2023,Long Beach,Acura Grand Prix of Long Beach,race,537,10,GTP,Ricky Taylor,ricky taylor,75,2.0,43,72.702,23.732,27.548,21.422,,GF,42,,,,,103
imsa,2023,Long Beach,Acura Grand Prix of Long Beach,race,537,10,GTP,Ricky Taylor,ricky taylor,76,2.0,44,73.063,23.731,27.541,21.791,,GF,43,,,,,103
imsa,2023,Long Beach,Acura Grand Prix of Long Beach,race,537,24,GTP,Augusto Farfus,augusto farfus,1,1.0,0,86.877,28.431,28.9,29.546,,FCY,0,,,,,103
imsa,2023,Long Beach,Acura Grand Prix of Long Beach,race,537,24,GTP,Augusto Farfus,augusto farfus,2,1.0,1,144.375,47.836,55.268,41.271,,FCY,0,,,,,103
imsa,2023,Long Beach,Acura Grand Prix of Long Beach,race,537,24,GTP,Augusto Farfus,augusto farfus,3,1.0,2,144.387,50.775,52.63,40.982,,FCY,0,,,,,103
imsa,2023,Long Beach,Acura Grand Prix of Long Beach,race,537,24,GTP,Augusto Farfus,augusto farfus,4,1.0,3,136.496,47.939,53.795,34.762,,FCY,0,,,,,103
imsa,2023,Long Beach,Acura Grand Prix of Long Beach,race,537,24,GTP,Augusto Farfus,augusto farfus,5,1.0,4,117.826,41.968,45.529,30.329,,GF,0,,,,,103
imsa,2023,Long Beach,Acura Grand Prix of Long Beach,race,537,24,GTP,Augusto Farfus,augusto farfus,6,1.0,5,75.982,25.018,28.425,22.539,,GF,1,,,,,103
imsa,2023,Long Beach,Acura Grand Prix of Long Beach,race,537,24,GTP,Augusto Farfus,augusto farfus,7,1.0,6,74.425,24.359,27.911,22.155,,GF,2,,,,,103
imsa,2023,Long Beach,Acura Grand Prix of Long Beach,race,537,24,GTP,Augusto Farfus,augusto farfus,8,1.0,7,73.64,24.097,27.582,21.961,,GF,3,,,,,103
imsa,2023,Long Beach,Acura Grand Prix of Long Beach,race,537,24,GTP,Augusto Farfus,augusto farfus,9,1.0,8,73.353,23.956,27.558,21.839,,GF,4,,,,,103
imsa,2023,Long Beach,Acura Grand Prix of Long Beach,race,537,24,GTP,Augusto Farfus,augusto farfus,10,1.0,9,73.194,23.82,27.588,21.786,,GF,5,,,,,103
imsa,2023,Long Beach,Acura Grand Prix of Long Beach,race,537,24,GTP,Augusto Farfus,augusto farfus,11,1.0,10,72.925,23.861,27.34,21.724,,GF,6,,,,,103
imsa,2023,Long Beach,Acura Grand Prix of Long Beach,race,537,24,GTP,Augusto Farfus,augusto farfus,12,1.0,11,72.53,23.639,27.132,21.759,,GF,7,,,,,103
imsa,2023,Long Beach,Acura Grand Prix of Long Beach,race,537,24,GTP,Augusto Farfus,augusto farfus,13,1.0,12,73.723,24.568,27.535,21.62,,GF,8,,,,,103
imsa,2023,Long Beach,Acura Grand Prix of Long Beach,race,537,24,GTP,Augusto Farfus,augusto farfus,14,1.0,13,73.233,23.649,27.54,22.044,,GF,9,,,,,103
imsa,2023,Long Beach,Acura Grand Prix of Long Beach,race,537,24,GTP,Augusto Farfus,augusto farfus,15,1.0,14,76.771,24.171,29.131,23.469,,GF,10,,,,,103
imsa,2023,Long Beach,Acura Grand Prix of Long Beach,race,537,24,GTP,Augusto Farfus,augusto farfus,16,1.0,15,74.706,24.957,27.984,21.765,,GF,11,,,,,103
imsa,2023,Long Beach,Acura Grand Prix of Long Beach,race,537,24,GTP,Augusto Farfus,augusto farfus,17,1.0,16,72.992,23.657,27.59,21.745,,GF,12,,,,,103
imsa,2023,Long Beach,Acura Grand Prix of Long Beach,race,537,24,GTP,Augusto Farfus,augusto farfus,18,1.0,17,73.27,24.088,27.352,21.83,,GF,13,,,,,103
imsa,2023,Long Beach,Acura Grand Prix of Long Beach,race,537,24,GTP,Augusto Farfus,augusto farfus,19,1.0,18,73.336,23.804,27.745,21.787,,GF,14,,,,,103
imsa,2023,Long Beach,Acura Grand Prix of Long Beach,race,537,24,GTP,Augusto Farfus,augusto farfus,20,1.0,19,72.684,23.85,27.239,21.595,,GF,15,,,,,103
imsa,2023,Long Beach,Acura Grand Prix of Long Beach,race,537,24,GTP,Augusto Farfus,augusto farfus,21,1.0,20,72.459,23.558,27.187,21.714,,GF,16,,,,,103
imsa,2023,Long Beach,Acura Grand Prix of Long Beach,race,537,24,GTP,Augusto Farfus,augusto farfus,22,1.0,21,74.578,25.282,27.539,21.757,,GF,17,,,,,103
imsa,2023,Long Beach,Acura Grand Prix of Long Beach,race,537,24,GTP,Augusto Farfus,augusto farfus,23,1.0,22,73.045,23.663,27.389,21.993,,GF,18,,,,,103
imsa,2023,Long Beach,Acura Grand Prix of Long Beach,race,537,24,GTP,Augusto Farfus,augusto farfus,24,1.0,23,73.353,24.08,27.639,21.634,,GF,19,,,,,103
imsa,2023,Long Beach,Acura Grand Prix of Long Beach,race,537,24,GTP,Augusto Farfus,augusto farfus,25,1.0,24,72.387,23.621,27.045,21.721,,GF,20,,,,,103
imsa,2023,Long Beach,Acura Grand Prix of Long Beach,race,537,24,GTP,Augusto Farfus,augusto farfus,26,1.0,25,74.723,25.171,27.808,21.744,,GF,21,,,,,103
imsa,2023,Long Beach,Acura Grand Prix of Long Beach,race,537,24,GTP,Augusto Farfus,augusto farfus,27,1.0,26,72.915,23.583,27.741,21.591,,GF,22,,,,,103
imsa,2023,Long Beach,Acura Grand Prix of Long Beach,race,537,24,GTP,Augusto Farfus,augusto farfus,28,1.0,27,73.043,23.807,27.678,21.558,,GF,23,,,,,103
imsa,2023,Long Beach,Acura Grand Prix of Long Beach,race,537,24,GTP,Augusto Farfus,augusto farfus,29,1.0,28,73.909,24.869,27.369,21.671,,GF,24,,,,,103
imsa,2023,Long Beach,Acura Grand Prix of Long Beach,race,537,24,GTP,Augusto Farfus,augusto farfus,30,1.0,29,73.429,23.885,27.452,22.092,,GF,25,,,,,103
imsa,2023,Long Beach,Acura Grand Prix of Long Beach,race,537,24,GTP,Augusto Farfus,augusto farfus,31,1.0,30,73.286,23.78,27.334,22.172,,GF,26,,,,,103
imsa,2023,Long Beach,Acura Grand Prix of Long Beach,race,537,24,GTP,Augusto Farfus,augusto farfus,32,1.0,31,73.322,23.554,27.643,22.125,,GF,27,,,,,103
imsa,2023,Long Beach,Acura Grand Prix of Long Beach,race,537,24,GTP,Augusto Farfus,augusto farfus,33,1.0,32,75.5,24.31,28.874,22.316,,GF,28,,,,,103
imsa,2023,Long Beach,Acura Grand Prix of Long Beach,race,537,24,GTP,Augusto Farfus,augusto farfus,34,1.0,33,75.036,24.595,28.244,22.197,,GF,29,,,,,103
imsa,2023,Long Beach,Acura Grand Prix of Long Beach,race,537,24,GTP,Augusto Farfus,augusto farfus,35,1.0,34,87.072,24.708,27.588,34.776,,GF,30,,,,,103
imsa,2023,Long Beach,Acura Grand Prix of Long Beach,race,537,24,GTP,Philipp Eng,philipp eng,36,2.0,0,135.255,79.163,31.651,24.441,68.24,GF,0,,,,,103
imsa,2023,Long Beach,Acura Grand Prix of Long Beach,race,537,24,GTP,Philipp Eng,philipp eng,37,2.0,1,76.425,25.134,28.262,23.029,,GF,0,,,,,103
imsa,2023,Long Beach,Acura Grand Prix of Long Beach,race,537,24,GTP,Philipp Eng,philipp eng,38,2.0,2,74.248,24.171,28.127,21.95,,GF,1,,,,,103
imsa,2023,Long Beach,Acura Grand Prix of Long Beach,race,537,24,GTP,Philipp Eng,philipp eng,39,2.0,3,73.115,23.778,27.71,21.627,,GF,2,,,,,103
imsa,2023,Long Beach,Acura Grand Prix of Long Beach,race,537,24,GTP,Philipp Eng,philipp eng,40,2.0,4,72.397,23.612,27.156,21.629,,GF,3,,,,,103
imsa,2023,Long Beach,Acura Grand Prix of Long Beach,race,537,24,GTP,Philipp Eng,philipp eng,41,2.0,5,73.028,23.635,27.768,21.625,,GF,4,,,,,103
imsa,2023,Long Beach,Acura Grand Prix of Long Beach,race,537,24,GTP,Philipp Eng,philipp eng,42,2.0,6,71.863,23.513,27.063,21.287,,GF,5,,,,,103
imsa,2023,Long Beach,Acura Grand Prix of Long Beach,race,537,24,GTP,Philipp Eng,philipp eng,43,2.0,7,73.14,23.604,28.069,21.467,,GF,6,,,,,103
imsa,2023,Long Beach,Acura Grand Prix of Long Beach,race,537,24,GTP,Philipp Eng,philipp eng,44,2.0,8,72.369,23.667,27.151,21.551,,GF,7,,,,,103
imsa,2023,Long Beach,Acura Grand Prix of Long Beach,race,537,24,GTP,Philipp Eng,philipp eng,45,2.0,9,75.028,24.682,28.398,21.948,,GF,8,,,,,103
imsa,2023,Long Beach,Acura Grand Prix of Long Beach,race,537,24,GTP,Philipp Eng,philipp eng,46,2.0,10,72.209,23.64,27.092,21.477,,GF,9,,,,,103
imsa,2023,Long Beach,Acura Grand Prix of Long Beach,race,537,24,GTP,Philipp Eng,philipp eng,47,2.0,11,73.705,23.984,27.846,21.875,,GF,10,,,,,103
imsa,2023,Long Beach,Acura Grand Prix of Long Beach,race,537,24,GTP,Philipp Eng,philipp eng,48,2.0,12,72.88,23.923,27.445,21.512,,GF,11,,,,,103
imsa,2023,Long Beach,Acura Grand Prix of Long Beach,race,537,24,GTP,Philipp Eng,philipp eng,49,2.0,13,72.284,23.637,27.219,21.428,,GF,12,,,,,103
imsa,2023,Long Beach,Acura Grand Prix of Long Beach,race,537,24,GTP,Philipp Eng,philipp eng,50,2.0,14,75.131,24.532,27.413,23.186,,GF,13,,,,,103
imsa,2023,Long Beach,Acura Grand Prix of Long Beach,race,537,24,GTP,Philipp Eng,philipp eng,51,2.0,15,74.09,24.959,27.586,21.545,,GF,14,,,,,103
imsa,2023,Long Beach,Acura Grand Prix of Long Beach,race,537,24,GTP,Philipp Eng,philipp eng,52,2.0,16,72.479,23.46,27.612,21.407,,GF,15,,,,,103
imsa,2023,Long Beach,Acura Grand Prix of Long Beach,race,537,24,GTP,Philipp Eng,philipp eng,53,2.0,17,74.061,24.573,27.451,22.037,,GF,16,,,,,103
imsa,2023,Long Beach,Acura Grand Prix of Long Beach,race,537,24,GTP,Philipp Eng,philipp eng,54,2.0,18,72.109,23.533,27.171,21.405,,GF,17,,,,,103
imsa,2023,Long Beach,Acura Grand Prix of Long Beach,race,537,24,GTP,Philipp Eng,philipp eng,55,2.0,19,71.945,23.464,27.047,21.434,,GF,18,,,,,103
imsa,2023,Long Beach,Acura Grand Prix of Long Beach,race,537,24,GTP,Philipp Eng,philipp eng,56,2.0,20,72.171,23.828,26.995,21.348,,GF,19,,,,,103
imsa,2023,Long Beach,Acura Grand Prix of Long Beach,race,537,24,GTP,Philipp Eng,philipp eng,57,2.0,21,73.87,23.415,27.455,23.0,,GF,20,,,,,103
imsa,2023,Long Beach,Acura Grand Prix of Long Beach,race,537,24,GTP,Philipp Eng,philipp eng,58,2.0,22,72.748,23.555,27.733,21.46,,GF,21,,,,,103
imsa,2023,Long Beach,Acura Grand Prix of Long Beach,race,537,24,GTP,Philipp Eng,philipp eng,59,2.0,23,73.185,23.499,27.936,21.75,,GF,22,,,,,103
imsa,2023,Long Beach,Acura Grand Prix of Long Beach,race,537,24,GTP,Philipp Eng,philipp eng,60,2.0,24,72.158,23.584,27.082,21.492,,GF,23,,,,,103
imsa,2023,Long Beach,Acura Grand Prix of Long Beach,race,537,24,GTP,Philipp Eng,philipp eng,61,2.0,25,72.265,23.653,27.202,21.41,,GF,24,,,,,103
imsa,2023,Long Beach,Acura Grand Prix of Long Beach,race,537,24,GTP,Philipp Eng,philipp eng,62,2.0,26,72.588,23.481,27.117,21.99,,GF,25,,,,,103
imsa,2023,Long Beach,Acura Grand Prix of Long Beach,race,537,24,GTP,Philipp Eng,philipp eng,63,2.0,27,72.397,23.684,27.213,21.5,,GF,26,,,,,103
imsa,2023,Long Beach,Acura Grand Prix of Long Beach,race,537,24,GTP,Philipp Eng,philipp eng,64,2.0,28,73.522,23.547,28.026,21.949,,GF,27,,,,,103
imsa,2023,Long Beach,Acura Grand Prix of Long Beach,race,537,24,GTP,Philipp Eng,philipp eng,65,2.0,29,72.847,24.026,27.263,21.558,,GF,28,,,,,103
imsa,2023,Long Beach,Acura Grand Prix of Long Beach,race,537,24,GTP,Philipp Eng,philipp eng,66,2.0,30,72.248,23.422,27.193,21.633,,GF,29,,,,,103
imsa,2023,Long Beach,Acura Grand Prix of Long Beach,race,537,24,GTP,Philipp Eng,philipp eng,67,2.0,31,72.149,23.472,27.102,21.575,,GF,30,,,,,103
imsa,2023,Long Beach,Acura Grand Prix of Long Beach,race,537,24,GTP,Philipp Eng,philipp eng,68,2.0,32,73.451,23.998,27.916,21.537,,GF,31,,,,,103
imsa,2023,Long Beach,Acura Grand Prix of Long Beach,race,537,24,GTP,Philipp Eng,philipp eng,69,2.0,33,73.49,23.627,28.141,21.722,,GF,32,,,,,103
imsa,2023,Long Beach,Acura Grand Prix of Long Beach,race,537,24,GTP,Philipp Eng,philipp eng,70,2.0,34,74.443,24.224,28.509,21.71,,GF,33,,,,,103
imsa,2023,Long Beach,Acura Grand Prix of Long Beach,race,537,24,GTP,Philipp Eng,philipp eng,71,2.0,35,73.793,23.862,28.305,21.626,,GF,34,,,,,103
imsa,2023,Long Beach,Acura Grand Prix of Long Beach,race,537,24,GTP,Philipp Eng,philipp eng,72,2.0,36,75.681,25.664,28.203,21.814,,GF,35,,,,,103
imsa,2023,Long Beach,Acura Grand Prix of Long Beach,race,537,24,GTP,Philipp Eng,philipp eng,73,2.0,37,73.051,23.904,27.419,21.728,,GF,36,,,,,103
imsa,2023,Long Beach,Acura Grand Prix of Long Beach,race,537,24,GTP,Philipp Eng,philipp eng,74,2.0,38,73.789,23.905,28.217,21.667,,GF,37,,,,,103
imsa,2023,Long Beach,Acura Grand Prix of Long Beach,race,537,24,GTP,Philipp Eng,philipp eng,75,2.0,39,72.69,23.658,27.264,21.768,,GF,38,,,,,103
imsa,2023,Long Beach,Acura Grand Prix of Long Beach,race,537,24,GTP,Philipp Eng,philipp eng,76,2.0,40,74.567,23.864,27.749,22.954,,GF,39,,,,,103
imsa,2023,Long Beach,Acura Grand Prix of Long Beach,race,537,24,GTP,Philipp Eng,philipp eng,77,2.0,41,76.026,23.954,27.393,24.679,,FCY,40,,,,,103
imsa,2023,Long Beach,Acura Grand Prix of Long Beach,race,537,24,GTP,Philipp Eng,philipp eng,78,2.0,42,136.146,46.382,52.099,37.665,,FF,40,,,,,103
imsa,2023,Long Beach,Acura Grand Prix of Long Beach,race,537,25,GTP,Nick Yelloly,nicholas yelloly,1,1.0,0,86.362,28.038,28.94,29.384,,FCY,0,,,,,103
imsa,2023,Long Beach,Acura Grand Prix of Long Beach,race,537,25,GTP,Nick Yelloly,nicholas yelloly,2,1.0,1,143.352,47.265,55.135,40.952,,FCY,0,,,,,103
imsa,2023,Long Beach,Acura Grand Prix of Long Beach,race,537,25,GTP,Nick Yelloly,nicholas yelloly,3,1.0,2,143.994,51.244,52.986,39.764,,FCY,0,,,,,103
imsa,2023,Long Beach,Acura Grand Prix of Long Beach,race,537,25,GTP,Nick Yelloly,nicholas yelloly,4,1.0,3,137.183,48.568,53.99,34.625,,FCY,0,,,,,103
imsa,2023,Long Beach,Acura Grand Prix of Long Beach,race,537,25,GTP,Nick Yelloly,nicholas yelloly,5,1.0,4,118.373,42.381,45.405,30.587,,GF,0,,,,,103
imsa,2023,Long Beach,Acura Grand Prix of Long Beach,race,537,25,GTP,Nick Yelloly,nicholas yelloly,6,1.0,5,76.136,25.139,28.453,22.544,,GF,1,,,,,103
imsa,2023,Long Beach,Acura Grand Prix of Long Beach,race,537,25,GTP,Nick Yelloly,nicholas yelloly,7,1.0,6,74.216,24.361,27.968,21.887,,GF,2,,,,,103
imsa,2023,Long Beach,Acura Grand Prix of Long Beach,race,537,25,GTP,Nick Yelloly,nicholas yelloly,8,1.0,7,73.568,24.009,27.715,21.844,,GF,3,,,,,103
imsa,2023,Long Beach,Acura Grand Prix of Long Beach,race,537,25,GTP,Nick Yelloly,nicholas yelloly,9,1.0,8,73.214,24.025,27.482,21.707,,GF,4,,,,,103
imsa,2023,Long Beach,Acura Grand Prix of Long Beach,race,537,25,GTP,Nick Yelloly,nicholas yelloly,10,1.0,9,72.78,23.722,27.325,21.733,,GF,5,,,,,103
imsa,2023,Long Beach,Acura Grand Prix of Long Beach,race,537,25,GTP,Nick Yelloly,nicholas yelloly,11,1.0,10,72.705,23.795,27.25,21.66,,GF,6,,,,,103
imsa,2023,Long Beach,Acura Grand Prix of Long Beach,race,537,25,GTP,Nick Yelloly,nicholas yelloly,12,1.0,11,72.651,23.707,27.313,21.631,,GF,7,,,,,103
imsa,2023,Long Beach,Acura Grand Prix of Long Beach,race,537,25,GTP,Nick Yelloly,nicholas yelloly,13,1.0,12,72.866,23.966,27.223,21.677,,GF,8,,,,,103
imsa,2023,Long Beach,Acura Grand Prix of Long Beach,race,537,25,GTP,Nick Yelloly,nicholas yelloly,14,1.0,13,74.384,24.033,27.863,22.488,,GF,9,,,,,103
imsa,2023,Long Beach,Acura Grand Prix of Long Beach,race,537,25,GTP,Nick Yelloly,nicholas yelloly,15,1.0,14,76.881,24.999,28.997,22.885,,GF,10,,,,,103
imsa,2023,Long Beach,Acura Grand Prix of Long Beach,race,537,25,GTP,Nick Yelloly,nicholas yelloly,16,1.0,15,72.965,23.642,27.763,21.56,,GF,11,,,,,103
imsa,2023,Long Beach,Acura Grand Prix of Long Beach,race,537,25,GTP,Nick Yelloly,nicholas yelloly,17,1.0,16,73.491,24.006,27.707,21.778,,GF,12,,,,,103
imsa,2023,Long Beach,Acura Grand Prix of Long Beach,race,537,25,GTP,Nick Yelloly,nicholas yelloly,18,1.0,17,73.96,23.811,27.605,22.544,,GF,13,,,,,103
imsa,2023,Long Beach,Acura Grand Prix of Long Beach,race,537,25,GTP,Nick Yelloly,nicholas yelloly,19,1.0,18,73.641,24.338,27.762,21.541,,GF,14,,,,,103
imsa,2023,Long Beach,Acura Grand Prix of Long Beach,race,537,25,GTP,Nick Yelloly,nicholas yelloly,20,1.0,19,71.908,23.562,26.933,21.413,,GF,15,,,,,103
imsa,2023,Long Beach,Acura Grand Prix of Long Beach,race,537,25,GTP,Nick Yelloly,nicholas yelloly,21,1.0,20,72.921,23.502,27.006,22.413,,GF,16,,,,,103
imsa,2023,Long Beach,Acura Grand Prix of Long Beach,race,537,25,GTP,Nick Yelloly,nicholas yelloly,22,1.0,21,73.429,24.054,27.7,21.675,,GF,17,,,,,103
imsa,2023,Long Beach,Acura Grand Prix of Long Beach,race,537,25,GTP,Nick Yelloly,nicholas yelloly,23,1.0,22,73.279,23.821,27.526,21.932,,GF,18,,,,,103
imsa,2023,Long Beach,Acura Grand Prix of Long Beach,race,537,25,GTP,Nick Yelloly,nicholas yelloly,24,1.0,23,72.301,23.654,27.151,21.496,,GF,19,,,,,103
imsa,2023,Long Beach,Acura Grand Prix of Long Beach,race,537,25,GTP,Nick Yelloly,nicholas yelloly,25,1.0,24,73.008,23.39,27.17,22.448,,GF,20,,,,,103
imsa,2023,Long Beach,Acura Grand Prix of Long Beach,race,537,25,GTP,Nick Yelloly,nicholas yelloly,26,1.0,25,72.406,24.093,26.948,21.365,,GF,21,,,,,103
imsa,2023,Long Beach,Acura Grand Prix of Long Beach,race,537,25,GTP,Nick Yelloly,nicholas yelloly,27,1.0,26,71.942,23.576,26.924,21.442,,GF,22,,,,,103
imsa,2023,Long Beach,Acura Grand Prix of Long Beach,race,537,25,GTP,Nick Yelloly,nicholas yelloly,28,1.0,27,71.956,23.612,26.966,21.378,,GF,23,,,,,103
imsa,2023,Long Beach,Acura Grand Prix of Long Beach,race,537,25,GTP,Nick Yelloly,nicholas yelloly,29,1.0,28,72.485,23.984,27.076,21.425,,GF,24,,,,,103
imsa,2023,Long Beach,Acura Grand Prix of Long Beach,race,537,25,GTP,Nick Yelloly,nicholas yelloly,30,1.0,29,74.098,24.48,28.061,21.557,,GF,25,,,,,103
imsa,2023,Long Beach,Acura Grand Prix of Long Beach,race,537,25,GTP,Nick Yelloly,nicholas yelloly,31,1.0,30,75.612,24.3,28.39,22.922,,GF,26,,,,,103
imsa,2023,Long Beach,Acura Grand Prix of Long Beach,race,537,25,GTP,Nick Yelloly,nicholas yelloly,32,1.0,31,75.725,24.978,27.962,22.785,,GF,27,,,,,103
imsa,2023,Long Beach,Acura Grand Prix of Long Beach,race,537,25,GTP,Nick Yelloly,nicholas yelloly,33,1.0,32,85.005,23.616,27.146,34.243,,GF,28,,,,,103
imsa,2023,Long Beach,Acura Grand Prix of Long Beach,race,537,25,GTP,Connor de Phillippi,connor de phillippi,34,2.0,0,134.239,80.764,30.047,23.428,70.547,GF,0,,,,,103
imsa,2023,Long Beach,Acura Grand Prix of Long Beach,race,537,25,GTP,Connor de Phillippi,connor de phillippi,35,2.0,1,75.315,24.625,28.116,22.574,,GF,0,,,,,103
imsa,2023,Long Beach,Acura Grand Prix of Long Beach,race,537,25,GTP,Connor de Phillippi,connor de phillippi,36,2.0,2,74.134,24.447,27.92,21.767,,GF,1,,,,,103
imsa,2023,Long Beach,Acura Grand Prix of Long Beach,race,537,25,GTP,Connor de Phillippi,connor de phillippi,37,2.0,3,74.191,23.7,27.647,22.844,,GF,2,,,,,103
imsa,2023,Long Beach,Acura Grand Prix of Long Beach,race,537,25,GTP,Connor de Phillippi,connor de phillippi,38,2.0,4,72.913,23.781,27.603,21.529,,GF,3,,,,,103
imsa,2023,Long Beach,Acura Grand Prix of Long Beach,race,537,25,GTP,Connor de Phillippi,connor de phillippi,39,2.0,5,73.146,23.573,27.88,21.693,,GF,4,,,,,103
imsa,2023,Long Beach,Acura Grand Prix of Long Beach,race,537,25,GTP,Connor de Phillippi,connor de phillippi,40,2.0,6,74.246,24.745,27.57,21.931,,GF,5,,,,,103
imsa,2023,Long Beach,Acura Grand Prix of Long Beach,race,537,25,GTP,Connor de Phillippi,connor de phillippi,41,2.0,7,71.953,23.401,27.14,21.412,,GF,6,,,,,103
imsa,2023,Long Beach,Acura Grand Prix of Long Beach,race,537,25,GTP,Connor de Phillippi,connor de phillippi,42,2.0,8,71.816,23.364,27.15,21.302,,GF,7,,,,,103
imsa,2023,Long Beach,Acura Grand Prix of Long Beach,race,537,25,GTP,Connor de Phillippi,connor de phillippi,43,2.0,9,72.911,23.179,27.296,22.436,,GF,8,,,,,103
imsa,2023,Long Beach,Acura Grand Prix of Long Beach,race,537,25,GTP,Connor de Phillippi,connor de phillippi,44,2.0,10,75.888,24.393,29.959,21.536,,GF,9,,,,,103
imsa,2023,Long Beach,Acura Grand Prix of Long Beach,race,537,25,GTP,Connor de Phillippi,connor de phillippi,45,2.0,11,72.173,23.313,27.373,21.487,,GF,10,,,,,103
imsa,2023,Long Beach,Acura Grand Prix of Long Beach,race,537,25,GTP,Connor de Phillippi,connor de phillippi,46,2.0,12,72.431,23.333,27.566,21.532,,GF,11,,,,,103
imsa,2023,Long Beach,Acura Grand Prix of Long Beach,race,537,25,GTP,Connor de Phillippi,connor de phillippi,47,2.0,13,72.646,23.303,27.909,21.434,,GF,12,,,,,103
imsa,2023,Long Beach,Acura Grand Prix of Long Beach,race,537,25,GTP,Connor de Phillippi,connor de phillippi,48,2.0,14,73.151,23.905,27.269,21.977,,GF,13,,,,,103
imsa,2023,Long Beach,Acura Grand Prix of Long Beach,race,537,25,GTP,Connor de Phillippi,connor de phillippi,49,2.0,15,73.23,23.741,27.588,21.901,,GF,14,,,,,103
imsa,2023,Long Beach,Acura Grand Prix of Long Beach,race,537,25,GTP,Connor de Phillippi,connor de phillippi,50,2.0,16,72.872,23.454,27.282,22.136,,GF,15,,,,,103
imsa,2023,Long Beach,Acura Grand Prix of Long Beach,race,537,25,GTP,Connor de Phillippi,connor de phillippi,51,2.0,17,72.826,23.569,27.544,21.713,,GF,16,,,,,103
imsa,2023,Long Beach,Acura Grand Prix of Long Beach,race,537,25,GTP,Connor de Phillippi,connor de phillippi,52,2.0,18,72.03,23.406,27.284,21.34,,GF,17,,,,,103
imsa,2023,Long Beach,Acura Grand Prix of Long Beach,race,537,25,GTP,Connor de Phillippi,connor de phillippi,53,2.0,19,72.338,23.29,27.598,21.45,,GF,18,,,,,103
imsa,2023,Long Beach,Acura Grand Prix of Long Beach,race,537,25,GTP,Connor de Phillippi,connor de phillippi,54,2.0,20,71.785,23.285,27.143,21.357,,GF,19,,,,,103
imsa,2023,Long Beach,Acura Grand Prix of Long Beach,race,537,25,GTP,Connor de Phillippi,connor de phillippi,55,2.0,21,74.469,24.981,27.36,22.128,,GF,20,,,,,103
imsa,2023,Long Beach,Acura Grand Prix of Long Beach,race,537,25,GTP,Connor de Phillippi,connor de phillippi,56,2.0,22,72.526,23.487,27.639,21.4,,GF,21,,,,,103
imsa,2023,Long Beach,Acura Grand Prix of Long Beach,race,537,25,GTP,Connor de Phillippi,connor de phillippi,57,2.0,23,73.686,23.499,27.366,22.821,,GF,22,,,,,103
imsa,2023,Long Beach,Acura Grand Prix of Long Beach,race,537,25,GTP,Connor de Phillippi,connor de phillippi,58,2.0,24,72.881,23.54,27.709,21.632,,GF,23,,,,,103
imsa,2023,Long Beach,Acura Grand Prix of Long Beach,race,537,25,GTP,Connor de Phillippi,connor de phillippi,59,2.0,25,85.369,23.906,39.915,21.548,,GF,24,,,,,103
imsa,2023,Long Beach,Acura Grand Prix of Long Beach,race,537,25,GTP,Connor de Phillippi,connor de phillippi,60,2.0,26,71.503,23.258,26.958,21.287,,GF,25,,,,,103
imsa,2023,Long Beach,Acura Grand Prix of Long Beach,race,537,25,GTP,Connor de Phillippi,connor de phillippi,61,2.0,27,72.333,23.527,27.407,21.399,,GF,26,,,,,103
imsa,2023,Long Beach,Acura Grand Prix of Long Beach,race,537,25,GTP,Connor de Phillippi,connor de phillippi,62,2.0,28,72.032,23.199,27.274,21.559,,GF,27,,,,,103
imsa,2023,Long Beach,Acura Grand Prix of Long Beach,race,537,25,GTP,Connor de Phillippi,connor de phillippi,63,2.0,29,72.966,24.277,27.242,21.447,,GF,28,,,,,103
imsa,2023,Long Beach,Acura Grand Prix of Long Beach,race,537,25,GTP,Connor de Phillippi,connor de phillippi,64,2.0,30,73.995,24.194,28.302,21.499,,GF,29,,,,,103
imsa,2023,Long Beach,Acura Grand Prix of Long Beach,race,537,25,GTP,Connor de Phillippi,connor de phillippi,65,2.0,31,71.548,23.191,27.033,21.324,,GF,30,,,,,103
imsa,2023,Long Beach,Acura Grand Prix of Long Beach,race,537,25,GTP,Connor de Phillippi,connor de phillippi,66,2.0,32,71.814,23.283,27.209,21.322,,GF,31,,,,,103
imsa,2023,Long Beach,Acura Grand Prix of Long Beach,race,537,25,GTP,Connor de Phillippi,connor de phillippi,67,2.0,33,72.34,23.218,27.036,22.086,,GF,32,,,,,103
imsa,2023,Long Beach,Acura Grand Prix of Long Beach,race,537,25,GTP,Connor de Phillippi,connor de phillippi,68,2.0,34,72.789,23.543,27.187,22.059,,GF,33,,,,,103
imsa,2023,Long Beach,Acura Grand Prix of Long Beach,race,537,25,GTP,Connor de Phillippi,connor de phillippi,69,2.0,35,74.566,23.795,27.775,22.996,,GF,34,,,,,103
imsa,2023,Long Beach,Acura Grand Prix of Long Beach,race,537,25,GTP,Connor de Phillippi,connor de phillippi,70,2.0,36,74.967,24.913,28.147,21.907,,GF,35,,,,,103
imsa,2023,Long Beach,Acura Grand Prix of Long Beach,race,537,25,GTP,Connor de Phillippi,connor de phillippi,71,2.0,37,73.454,24.187,27.76,21.507,,GF,36,,,,,103
imsa,2023,Long Beach,Acura Grand Prix of Long Beach,race,537,25,GTP,Connor de Phillippi,connor de phillippi,72,2.0,38,72.387,23.617,27.36,21.41,,GF,37,,,,,103
imsa,2023,Long Beach,Acura Grand Prix of Long Beach,race,537,25,GTP,Connor de Phillippi,connor de phillippi,73,2.0,39,73.121,23.39,27.122,22.609,,GF,38,,,,,103
imsa,2023,Long Beach,Acura Grand Prix of Long Beach,race,537,25,GTP,Connor de Phillippi,connor de phillippi,74,2.0,40,72.172,23.472,27.291,21.409,,GF,39,,,,,103
imsa,2023,Long Beach,Acura Grand Prix of Long Beach,race,537,25,GTP,Connor de Phillippi,connor de phillippi,75,2.0,41,74.894,24.181,29.0,21.713,,GF,40,,,,,103
imsa,2023,Long Beach,Acura Grand Prix of Long Beach,race,537,25,GTP,Connor de Phillippi,connor de phillippi,76,2.0,42,71.808,23.36,27.149,21.299,,GF,41,,,,,103
imsa,2023,Long Beach,Acura Grand Prix of Long Beach,race,537,25,GTP,Connor de Phillippi,connor de phillippi,77,2.0,43,75.751,23.641,27.058,25.052,,FCY,42,,,,,103
imsa,2023,Long Beach,Acura Grand Prix of Long Beach,race,537,25,GTP,Connor de Phillippi,connor de phillippi,78,2.0,44,140.627,51.282,51.956,37.389,,FF,42,,,,,103
imsa,2023,Long Beach,Acura Grand Prix of Long Beach,race,537,31,GTP,Alexander Sims,alexander sims,1,1.0,0,89.276,29.568,29.179,30.529,,FCY,0,,,,,103
imsa,2023,Long Beach,Acura Grand Prix of Long Beach,race,537,31,GTP,Alexander Sims,alexander sims,2,1.0,1,143.706,48.083,55.267,40.356,,FCY,0,,,,,103
imsa,2023,Long Beach,Acura Grand Prix of Long Beach,race,537,31,GTP,Alexander Sims,alexander sims,3,1.0,2,144.471,50.525,53.584,40.362,,FCY,0,,,,,103
imsa,2023,Long Beach,Acura Grand Prix of Long Beach,race,537,31,GTP,Alexander Sims,alexander sims,4,1.0,3,138.98,48.399,56.533,34.048,,FCY,0,,,,,103
imsa,2023,Long Beach,Acura Grand Prix of Long Beach,race,537,31,GTP,Alexander Sims,alexander sims,5,1.0,4,114.657,41.037,43.766,29.854,,GF,0,,,,,103
imsa,2023,Long Beach,Acura Grand Prix of Long Beach,race,537,31,GTP,Alexander Sims,alexander sims,6,1.0,5,89.822,25.352,29.6,34.87,,GF,1,,,,,103
imsa,2023,Long Beach,Acura Grand Prix of Long Beach,race,537,31,GTP,Pipo Derani,pipo derani,7,2.0,0,128.341,76.943,28.96,22.438,68.045,GF,0,,,,,103
imsa,2023,Long Beach,Acura Grand Prix of Long Beach,race,537,31,GTP,Pipo Derani,pipo derani,8,2.0,1,73.79,24.13,27.767,21.893,,GF,0,,,,,103
imsa,2023,Long Beach,Acura Grand Prix of Long Beach,race,537,31,GTP,Pipo Derani,pipo derani,9,2.0,2,73.289,23.901,27.543,21.845,,GF,1,,,,,103
imsa,2023,Long Beach,Acura Grand Prix of Long Beach,race,537,31,GTP,Pipo Derani,pipo derani,10,2.0,3,72.71,23.652,27.424,21.634,,GF,2,,,,,103
imsa,2023,Long Beach,Acura Grand Prix of Long Beach,race,537,31,GTP,Pipo Derani,pipo derani,11,2.0,4,73.119,23.475,27.324,22.32,,GF,3,,,,,103
imsa,2023,Long Beach,Acura Grand Prix of Long Beach,race,537,31,GTP,Pipo Derani,pipo derani,12,2.0,5,72.456,23.588,27.273,21.595,,GF,4,,,,,103
imsa,2023,Long Beach,Acura Grand Prix of Long Beach,race,537,31,GTP,Pipo Derani,pipo derani,13,2.0,6,74.118,23.779,28.234,22.105,,GF,5,,,,,103
imsa,2023,Long Beach,Acura Grand Prix of Long Beach,race,537,31,GTP,Pipo Derani,pipo derani,14,2.0,7,74.93,24.522,28.365,22.043,,GF,6,,,,,103
imsa,2023,Long Beach,Acura Grand Prix of Long Beach,race,537,31,GTP,Pipo Derani,pipo derani,15,2.0,8,72.598,23.475,27.412,21.711,,GF,7,,,,,103
imsa,2023,Long Beach,Acura Grand Prix of Long Beach,race,537,31,GTP,Pipo Derani,pipo derani,16,2.0,9,72.92,23.51,27.34,22.07,,GF,8,,,,,103
imsa,2023,Long Beach,Acura Grand Prix of Long Beach,race,537,31,GTP,Pipo Derani,pipo derani,17,2.0,10,73.963,24.466,28.013,21.484,,GF,9,,,,,103
imsa,2023,Long Beach,Acura Grand Prix of Long Beach,race,537,31,GTP,Pipo Derani,pipo derani,18,2.0,11,72.224,23.442,27.247,21.535,,GF,10,,,,,103
imsa,2023,Long Beach,Acura Grand Prix of Long Beach,race,537,31,GTP,Pipo Derani,pipo derani,19,2.0,12,72.11,23.446,27.163,21.501,,GF,11,,,,,103
imsa,2023,Long Beach,Acura Grand Prix of Long Beach,race,537,31,GTP,Pipo Derani,pipo derani,20,2.0,13,74.151,24.533,28.125,21.493,,GF,12,,,,,103
imsa,2023,Long Beach,Acura Grand Prix of Long Beach,race,537,31,GTP,Pipo Derani,pipo derani,21,2.0,14,75.138,24.789,27.616,22.733,,GF,13,,,,,103
imsa,2023,Long Beach,Acura Grand Prix of Long Beach,race,537,31,GTP,Pipo Derani,pipo derani,22,2.0,15,72.513,23.71,27.428,21.375,,GF,14,,,,,103
imsa,2023,Long Beach,Acura Grand Prix of Long Beach,race,537,31,GTP,Pipo Derani,pipo derani,23,2.0,16,72.139,23.492,27.143,21.504,,GF,15,,,,,103
imsa,2023,Long Beach,Acura Grand Prix of Long Beach,race,537,31,GTP,Pipo Derani,pipo derani,24,2.0,17,74.093,24.412,28.07,21.611,,GF,16,,,,,103
imsa,2023,Long Beach,Acura Grand Prix of Long Beach,race,537,31,GTP,Pipo Derani,pipo derani,25,2.0,18,72.083,23.511,27.087,21.485,,GF,17,,,,,103
imsa,2023,Long Beach,Acura Grand Prix of Long Beach,race,537,31,GTP,Pipo Derani,pipo derani,26,2.0,19,71.75,23.351,27.069,21.33,,GF,18,,,,,103
imsa,2023,Long Beach,Acura Grand Prix of Long Beach,race,537,31,GTP,Pipo Derani,pipo derani,27,2.0,20,72.103,23.36,27.294,21.449,,GF,19,,,,,103
imsa,2023,Long Beach,Acura Grand Prix of Long Beach,race,537,31,GTP,Pipo Derani,pipo derani,28,2.0,21,74.153,23.463,27.332,23.358,,GF,20,,,,,103
imsa,2023,Long Beach,Acura Grand Prix of Long Beach,race,537,31,GTP,Pipo Derani,pipo derani,29,2.0,22,75.128,25.146,28.266,21.716,,GF,21,,,,,103
imsa,2023,Long Beach,Acura Grand Prix of Long Beach,race,537,31,GTP,Pipo Derani,pipo derani,30,2.0,23,75.781,25.034,27.876,22.871,,GF,22,,,,,103
imsa,2023,Long Beach,Acura Grand Prix of Long Beach,race,537,31,GTP,Pipo Derani,pipo derani,31,2.0,24,75.906,24.684,27.68,23.542,,GF,23,,,,,103
imsa,2023,Long Beach,Acura Grand Prix of Long Beach,race,537,31,GTP,Pipo Derani,pipo derani,32,2.0,25,73.879,23.818,27.28,22.781,,GF,24,,,,,103
imsa,2023,Long Beach,Acura Grand Prix of Long Beach,race,537,31,GTP,Pipo Derani,pipo derani,33,2.0,26,72.469,23.592,27.316,21.561,,GF,25,,,,,103
imsa,2023,Long Beach,Acura Grand Prix of Long Beach,race,537,31,GTP,Pipo Derani,pipo derani,34,2.0,27,74.155,23.575,27.663,22.917,,GF,26,,,,,103
imsa,2023,Long Beach,Acura Grand Prix of Long Beach,race,537,31,GTP,Pipo Derani,pipo derani,35,2.0,28,72.962,23.666,27.501,21.795,,GF,27,,,,,103
imsa,2023,Long Beach,Acura Grand Prix of Long Beach,race,537,31,GTP,Pipo Derani,pipo derani,36,2.0,29,74.086,24.01,27.928,22.148,,GF,28,,,,,103
imsa,2023,Long Beach,Acura Grand Prix of Long Beach,race,537,31,GTP,Pipo Derani,pipo derani,37,2.0,30,73.684,23.912,28.029,21.743,,GF,29,,,,,103
imsa,2023,Long Beach,Acura Grand Prix of Long Beach,race,537,31,GTP,Pipo Derani,pipo derani,38,2.0,31,72.268,23.518,27.081,21.669,,GF,30,,,,,103
imsa,2023,Long Beach,Acura Grand Prix of Long Beach,race,537,31,GTP,Pipo Derani,pipo derani,39,2.0,32,72.271,23.426,27.121,21.724,,GF,31,,,,,103
imsa,2023,Long Beach,Acura Grand Prix of Long Beach,race,537,31,GTP,Pipo Derani,pipo derani,40,2.0,33,72.067,23.553,27.087,21.427,,GF,32,,,,,103
imsa,2023,Long Beach,Acura Grand Prix of Long Beach,race,537,31,GTP,Pipo Derani,pipo derani,41,2.0,34,72.118,23.505,27.14,21.473,,GF,33,,,,,103
imsa,2023,Long Beach,Acura Grand Prix of Long Beach,race,537,31,GTP,Pipo Derani,pipo derani,42,2.0,35,73.068,23.448,27.193,22.427,,GF,34,,,,,103
imsa,2023,Long Beach,Acura Grand Prix of Long Beach,race,537,31,GTP,Pipo Derani,pipo derani,43,2.0,36,75.779,24.598,28.373,22.808,,GF,35,,,,,103
imsa,2023,Long Beach,Acura Grand Prix of Long Beach,race,537,31,GTP,Pipo Derani,pipo derani,44,2.0,37,73.877,24.726,27.597,21.554,,GF,36,,,,,103
imsa,2023,Long Beach,Acura Grand Prix of Long Beach,race,537,31,GTP,Pipo Derani,pipo derani,45,2.0,38,72.433,23.488,27.374,21.571,,GF,37,,,,,103
imsa,2023,Long Beach,Acura Grand Prix of Long Beach,race,537,31,GTP,Pipo Derani,pipo derani,46,2.0,39,72.306,23.438,27.162,21.706,,GF,38,,,,,103
imsa,2023,Long Beach,Acura Grand Prix of Long Beach,race,537,31,GTP,Pipo Derani,pipo derani,47,2.0,40,72.08,23.428,27.1,21.552,,GF,39,,,,,103
imsa,2023,Long Beach,Acura Grand Prix of Long Beach,race,537,31,GTP,Pipo Derani,pipo derani,48,2.0,41,74.313,24.769,27.875,21.669,,GF,40,,,,,103
imsa,2023,Long Beach,Acura Grand Prix of Long Beach,race,537,31,GTP,Pipo Derani,pipo derani,49,2.0,42,71.893,23.376,27.146,21.371,,GF,41,,,,,103
imsa,2023,Long Beach,Acura Grand Prix of Long Beach,race,537,31,GTP,Pipo Derani,pipo derani,50,2.0,43,74.732,24.437,27.665,22.63,,GF,42,,,,,103
imsa,2023,Long Beach,Acura Grand Prix of Long Beach,race,537,31,GTP,Pipo Derani,pipo derani,51,2.0,44,72.87,23.415,27.974,21.481,,GF,43,,,,,103
imsa,2023,Long Beach,Acura Grand Prix of Long Beach,race,537,31,GTP,Pipo Derani,pipo derani,52,2.0,45,84.086,23.377,27.094,33.615,,GF,44,,,,,103
imsa,2023,Long Beach,Acura Grand Prix of Long Beach,race,537,31,GTP,Pipo Derani,pipo derani,53,2.0,46,127.752,75.122,29.68,22.95,64.662,GF,0,,,,,103
imsa,2023,Long Beach,Acura Grand Prix of Long Beach,race,537,31,GTP,Pipo Derani,pipo derani,54,2.0,47,74.163,24.477,28.038,21.648,,GF,0,,,,,103
imsa,2023,Long Beach,Acura Grand Prix of Long Beach,race,537,31,GTP,Pipo Derani,pipo derani,55,2.0,48,73.258,23.532,27.239,22.487,,GF,1,,,,,103
imsa,2023,Long Beach,Acura Grand Prix of Long Beach,race,537,31,GTP,Pipo Derani,pipo derani,56,2.0,49,73.014,23.918,27.55,21.546,,GF,2,,,,,103
imsa,2023,Long Beach,Acura Grand Prix of Long Beach,race,537,31,GTP,Pipo Derani,pipo derani,57,2.0,50,72.809,23.812,27.253,21.744,,GF,3,,,,,103
imsa,2023,Long Beach,Acura Grand Prix of Long Beach,race,537,31,GTP,Pipo Derani,pipo derani,58,2.0,51,72.269,23.469,27.158,21.642,,GF,4,,,,,103
imsa,2023,Long Beach,Acura Grand Prix of Long Beach,race,537,31,GTP,Pipo Derani,pipo derani,59,2.0,52,73.923,24.751,27.547,21.625,,GF,5,,,,,103
imsa,2023,Long Beach,Acura Grand Prix of Long Beach,race,537,31,GTP,Pipo Derani,pipo derani,60,2.0,53,74.258,23.365,29.217,21.676,,GF,6,,,,,103
imsa,2023,Long Beach,Acura Grand Prix of Long Beach,race,537,31,GTP,Pipo Derani,pipo derani,61,2.0,54,74.194,24.503,28.165,21.526,,GF,7,,,,,103
imsa,2023,Long Beach,Acura Grand Prix of Long Beach,race,537,31,GTP,Pipo Derani,pipo derani,62,2.0,55,72.037,23.45,27.176,21.411,,GF,8,,,,,103
imsa,2023,Long Beach,Acura Grand Prix of Long Beach,race,537,31,GTP,Pipo Derani,pipo derani,63,2.0,56,72.133,23.434,27.144,21.555,,GF,9,,,,,103
imsa,2023,Long Beach,Acura Grand Prix of Long Beach,race,537,31,GTP,Pipo Derani,pipo derani,64,2.0,57,72.163,23.445,27.227,21.491,,GF,10,,,,,103
imsa,2023,Long Beach,Acura Grand Prix of Long Beach,race,537,31,GTP,Pipo Derani,pipo derani,65,2.0,58,73.626,23.696,27.248,22.682,,GF,11,,,,,103
imsa,2023,Long Beach,Acura Grand Prix of Long Beach,race,537,31,GTP,Pipo Derani,pipo derani,66,2.0,59,74.025,23.97,27.364,22.691,,GF,12,,,,,103
imsa,2023,Long Beach,Acura Grand Prix of Long Beach,race,537,31,GTP,Pipo Derani,pipo derani,67,2.0,60,73.656,23.832,28.281,21.543,,GF,13,,,,,103
imsa,2023,Long Beach,Acura Grand Prix of Long Beach,race,537,31,GTP,Pipo Derani,pipo derani,68,2.0,61,72.377,23.575,27.232,21.57,,GF,14,,,,,103
imsa,2023,Long Beach,Acura Grand Prix of Long Beach,race,537,31,GTP,Pipo Derani,pipo derani,69,2.0,62,72.488,23.457,27.632,21.399,,GF,15,,,,,103
imsa,2023,Long Beach,Acura Grand Prix of Long Beach,race,537,31,GTP,Pipo Derani,pipo derani,70,2.0,63,72.571,23.492,27.409,21.67,,GF,16,,,,,103
imsa,2023,Long Beach,Acura Grand Prix of Long Beach,race,537,31,GTP,Pipo Derani,pipo derani,71,2.0,64,73.461,23.522,27.443,22.496,,GF,17,,,,,103
imsa,2023,Long Beach,Acura Grand Prix of Long Beach,race,537,31,GTP,Pipo Derani,pipo derani,72,2.0,65,72.974,23.58,27.859,21.535,,GF,18,,,,,103
imsa,2023,Long Beach,Acura Grand Prix of Long Beach,race,537,31,GTP,Pipo Derani,pipo derani,73,2.0,66,72.412,23.556,27.366,21.49,,GF,19,,,,,103
imsa,2023,Long Beach,Acura Grand Prix of Long Beach,race,537,31,GTP,Pipo Derani,pipo derani,74,2.0,67,71.856,23.465,27.028,21.363,,GF,20,,,,,103
imsa,2023,Long Beach,Acura Grand Prix of Long Beach,race,537,31,GTP,Pipo Derani,pipo derani,75,2.0,68,72.0,23.415,27.082,21.503,,GF,21,,,,,103
imsa,2023,Long Beach,Acura Grand Prix of Long Beach,race,537,31,GTP,Pipo Derani,pipo derani,76,2.0,69,73.06,23.972,27.496,21.592,,GF,22,,,,,103
imsa,2023,Long Beach,Acura Grand Prix of Long Beach,race,537,31,GTP,Pipo Derani,pipo derani,77,2.0,70,106.648,28.502,39.607,38.539,,FCY,23,,,,,103
imsa,2023,Long Beach,Acura Grand Prix of Long Beach,race,537,31,GTP,Pipo Derani,pipo derani,78,2.0,71,111.336,41.043,37.941,32.352,,FF,23,,,,,103
imsa,2023,Long Beach,Acura Grand Prix of Long Beach,race,537,6,GTP,Nick Tandy,nick tandy,1,1.0,0,85.209,27.534,29.014,28.661,,FCY,0,,,,,103
imsa,2023,Long Beach,Acura Grand Prix of Long Beach,race,537,6,GTP,Nick Tandy,nick tandy,2,1.0,1,142.74,47.844,54.176,40.72,,FCY,0,,,,,103
imsa,2023,Long Beach,Acura Grand Prix of Long Beach,race,537,6,GTP,Nick Tandy,nick tandy,3,1.0,2,143.293,51.31,52.637,39.346,,FCY,0,,,,,103
imsa,2023,Long Beach,Acura Grand Prix of Long Beach,race,537,6,GTP,Nick Tandy,nick tandy,4,1.0,3,138.303,49.636,52.85,35.817,,FCY,0,,,,,103
imsa,2023,Long Beach,Acura Grand Prix of Long Beach,race,537,6,GTP,Nick Tandy,nick tandy,5,1.0,4,119.435,42.198,45.859,31.378,,GF,0,,,,,103
imsa,2023,Long Beach,Acura Grand Prix of Long Beach,race,537,6,GTP,Nick Tandy,nick tandy,6,1.0,5,76.089,25.065,28.565,22.459,,GF,1,,,,,103
imsa,2023,Long Beach,Acura Grand Prix of Long Beach,race,537,6,GTP,Nick Tandy,nick tandy,7,1.0,6,74.058,24.277,27.78,22.001,,GF,2,,,,,103
imsa,2023,Long Beach,Acura Grand Prix of Long Beach,race,537,6,GTP,Nick Tandy,nick tandy,8,1.0,7,73.675,24.014,27.746,21.915,,GF,3,,,,,103
imsa,2023,Long Beach,Acura Grand Prix of Long Beach,race,537,6,GTP,Nick Tandy,nick tandy,9,1.0,8,73.059,23.85,27.543,21.666,,GF,4,,,,,103
imsa,2023,Long Beach,Acura Grand Prix of Long Beach,race,537,6,GTP,Nick Tandy,nick tandy,10,1.0,9,72.77,23.663,27.437,21.67,,GF,5,,,,,103
imsa,2023,Long Beach,Acura Grand Prix of Long Beach,race,537,6,GTP,Nick Tandy,nick tandy,11,1.0,10,72.826,23.682,27.454,21.69,,GF,6,,,,,103
imsa,2023,Long Beach,Acura Grand Prix of Long Beach,race,537,6,GTP,Nick Tandy,nick tandy,12,1.0,11,72.506,23.563,27.339,21.604,,GF,7,,,,,103
imsa,2023,Long Beach,Acura Grand Prix of Long Beach,race,537,6,GTP,Nick Tandy,nick tandy,13,1.0,12,73.048,23.842,27.487,21.719,,GF,8,,,,,103
imsa,2023,Long Beach,Acura Grand Prix of Long Beach,race,537,6,GTP,Nick Tandy,nick tandy,14,1.0,13,74.604,24.098,27.763,22.743,,GF,9,,,,,103
imsa,2023,Long Beach,Acura Grand Prix of Long Beach,race,537,6,GTP,Nick Tandy,nick tandy,15,1.0,14,76.173,24.775,28.488,22.91,,GF,10,,,,,103
imsa,2023,Long Beach,Acura Grand Prix of Long Beach,race,537,6,GTP,Nick Tandy,nick tandy,16,1.0,15,72.998,23.657,27.722,21.619,,GF,11,,,,,103
imsa,2023,Long Beach,Acura Grand Prix of Long Beach,race,537,6,GTP,Nick Tandy,nick tandy,17,1.0,16,73.916,24.422,27.564,21.93,,GF,12,,,,,103
imsa,2023,Long Beach,Acura Grand Prix of Long Beach,race,537,6,GTP,Nick Tandy,nick tandy,18,1.0,17,72.963,23.644,27.639,21.68,,GF,13,,,,,103
imsa,2023,Long Beach,Acura Grand Prix of Long Beach,race,537,6,GTP,Nick Tandy,nick tandy,19,1.0,18,72.743,23.732,27.423,21.588,,GF,14,,,,,103
imsa,2023,Long Beach,Acura Grand Prix of Long Beach,race,537,6,GTP,Nick Tandy,nick tandy,20,1.0,19,72.44,23.569,27.329,21.542,,GF,15,,,,,103
imsa,2023,Long Beach,Acura Grand Prix of Long Beach,race,537,6,GTP,Nick Tandy,nick tandy,21,1.0,20,74.155,23.501,27.361,23.293,,GF,16,,,,,103
imsa,2023,Long Beach,Acura Grand Prix of Long Beach,race,537,6,GTP,Nick Tandy,nick tandy,22,1.0,21,73.452,24.257,27.62,21.575,,GF,17,,,,,103
imsa,2023,Long Beach,Acura Grand Prix of Long Beach,race,537,6,GTP,Nick Tandy,nick tandy,23,1.0,22,73.385,23.931,27.489,21.965,,GF,18,,,,,103
imsa,2023,Long Beach,Acura Grand Prix of Long Beach,race,537,6,GTP,Nick Tandy,nick tandy,24,1.0,23,72.113,23.401,27.331,21.381,,GF,19,,,,,103
imsa,2023,Long Beach,Acura Grand Prix of Long Beach,race,537,6,GTP,Nick Tandy,nick tandy,25,1.0,24,72.615,23.417,27.285,21.913,,GF,20,,,,,103
imsa,2023,Long Beach,Acura Grand Prix of Long Beach,race,537,6,GTP,Nick Tandy,nick tandy,26,1.0,25,72.278,23.475,27.281,21.522,,GF,21,,,,,103
imsa,2023,Long Beach,Acura Grand Prix of Long Beach,race,537,6,GTP,Nick Tandy,nick tandy,27,1.0,26,71.99,23.467,27.227,21.296,,GF,22,,,,,103
imsa,2023,Long Beach,Acura Grand Prix of Long Beach,race,537,6,GTP,Nick Tandy,nick tandy,28,1.0,27,72.38,23.397,27.503,21.48,,GF,23,,,,,103
imsa,2023,Long Beach,Acura Grand Prix of Long Beach,race,537,6,GTP,Nick Tandy,nick tandy,29,1.0,28,72.198,23.464,27.31,21.424,,GF,24,,,,,103
imsa,2023,Long Beach,Acura Grand Prix of Long Beach,race,537,6,GTP,Nick Tandy,nick tandy,30,1.0,29,74.246,24.634,27.886,21.726,,GF,25,,,,,103
imsa,2023,Long Beach,Acura Grand Prix of Long Beach,race,537,6,GTP,Nick Tandy,nick tandy,31,1.0,30,75.929,24.67,28.338,22.921,,GF,26,,,,,103
imsa,2023,Long Beach,Acura Grand Prix of Long Beach,race,537,6,GTP,Nick Tandy,nick tandy,32,1.0,31,87.083,24.166,27.919,34.998,,GF,27,,,,,103
imsa,2023,Long Beach,Acura Grand Prix of Long Beach,race,537,6,GTP,Mathieu Jaminet,mathieu jaminet,33,2.0,0,129.065,78.837,28.374,21.854,70.668,GF,0,,,,,103
imsa,2023,Long Beach,Acura Grand Prix of Long Beach,race,537,6,GTP,Mathieu Jaminet,mathieu jaminet,34,2.0,1,74.834,25.247,27.784,21.803,,GF,0,,,,,103
imsa,2023,Long Beach,Acura Grand Prix of Long Beach,race,537,6,GTP,Mathieu Jaminet,mathieu jaminet,35,2.0,2,73.379,23.997,27.922,21.46,,GF,1,,,,,103
imsa,2023,Long Beach,Acura Grand Prix of Long Beach,race,537,6,GTP,Mathieu Jaminet,mathieu jaminet,36,2.0,3,73.415,23.965,27.604,21.846,,GF,2,,,,,103
imsa,2023,Long Beach,Acura Grand Prix of Long Beach,race,537,6,GTP,Mathieu Jaminet,mathieu jaminet,37,2.0,4,72.643,23.688,27.391,21.564,,GF,3,,,,,103
imsa,2023,Long Beach,Acura Grand Prix of Long Beach,race,537,6,GTP,Mathieu Jaminet,mathieu jaminet,38,2.0,5,73.914,24.514,27.833,21.567,,GF,4,,,,,103
imsa,2023,Long Beach,Acura Grand Prix of Long Beach,race,537,6,GTP,Mathieu Jaminet,mathieu jaminet,39,2.0,6,74.794,24.246,28.136,22.412,,GF,5,,,,,103
imsa,2023,Long Beach,Acura Grand Prix of Long Beach,race,537,6,GTP,Mathieu Jaminet,mathieu jaminet,40,2.0,7,72.546,23.703,27.449,21.394,,GF,6,,,,,103
imsa,2023,Long Beach,Acura Grand Prix of Long Beach,race,537,6,GTP,Mathieu Jaminet,mathieu jaminet,41,2.0,8,72.342,23.619,27.253,21.47,,GF,7,,,,,103
imsa,2023,Long Beach,Acura Grand Prix of Long Beach,race,537,6,GTP,Mathieu Jaminet,mathieu jaminet,42,2.0,9,73.44,23.56,27.259,22.621,,GF,8,,,,,103
imsa,2023,Long Beach,Acura Grand Prix of Long Beach,race,537,6,GTP,Mathieu Jaminet,mathieu jaminet,43,2.0,10,74.956,24.756,28.18,22.02,,GF,9,,,,,103
imsa,2023,Long Beach,Acura Grand Prix of Long Beach,race,537,6,GTP,Mathieu Jaminet,mathieu jaminet,44,2.0,11,72.6,23.747,27.38,21.473,,GF,10,,,,,103
imsa,2023,Long Beach,Acura Grand Prix of Long Beach,race,537,6,GTP,Mathieu Jaminet,mathieu jaminet,45,2.0,12,72.713,23.727,27.386,21.6,,GF,11,,,,,103
imsa,2023,Long Beach,Acura Grand Prix of Long Beach,race,537,6,GTP,Mathieu Jaminet,mathieu jaminet,46,2.0,13,72.333,23.62,27.375,21.338,,GF,12,,,,,103
imsa,2023,Long Beach,Acura Grand Prix of Long Beach,race,537,6,GTP,Mathieu Jaminet,mathieu jaminet,47,2.0,14,72.406,23.676,27.343,21.387,,GF,13,,,,,103
imsa,2023,Long Beach,Acura Grand Prix of Long Beach,race,537,6,GTP,Mathieu Jaminet,mathieu jaminet,48,2.0,15,72.652,23.82,27.454,21.378,,GF,14,,,,,103
imsa,2023,Long Beach,Acura Grand Prix of Long Beach,race,537,6,GTP,Mathieu Jaminet,mathieu jaminet,49,2.0,16,72.756,23.738,27.377,21.641,,GF,15,,,,,103
imsa,2023,Long Beach,Acura Grand Prix of Long Beach,race,537,6,GTP,Mathieu Jaminet,mathieu jaminet,50,2.0,17,73.696,24.516,27.794,21.386,,GF,16,,,,,103
imsa,2023,Long Beach,Acura Grand Prix of Long Beach,race,537,6,GTP,Mathieu Jaminet,mathieu jaminet,51,2.0,18,74.113,24.97,27.712,21.431,,GF,17,,,,,103
imsa,2023,Long Beach,Acura Grand Prix of Long Beach,race,537,6,GTP,Mathieu Jaminet,mathieu jaminet,52,2.0,19,72.406,23.633,27.273,21.5,,GF,18,,,,,103
imsa,2023,Long Beach,Acura Grand Prix of Long Beach,race,537,6,GTP,Mathieu Jaminet,mathieu jaminet,53,2.0,20,72.175,23.512,27.199,21.464,,GF,19,,,,,103
imsa,2023,Long Beach,Acura Grand Prix of Long Beach,race,537,6,GTP,Mathieu Jaminet,mathieu jaminet,54,2.0,21,72.801,23.579,27.713,21.509,,GF,20,,,,,103
imsa,2023,Long Beach,Acura Grand Prix of Long Beach,race,537,6,GTP,Mathieu Jaminet,mathieu jaminet,55,2.0,22,75.475,24.982,27.85,22.643,,GF,21,,,,,103
imsa,2023,Long Beach,Acura Grand Prix of Long Beach,race,537,6,GTP,Mathieu Jaminet,mathieu jaminet,56,2.0,23,72.285,23.681,27.228,21.376,,GF,22,,,,,103
imsa,2023,Long Beach,Acura Grand Prix of Long Beach,race,537,6,GTP,Mathieu Jaminet,mathieu jaminet,57,2.0,24,73.656,24.287,27.868,21.501,,GF,23,,,,,103
imsa,2023,Long Beach,Acura Grand Prix of Long Beach,race,537,6,GTP,Mathieu Jaminet,mathieu jaminet,58,2.0,25,73.663,23.765,27.333,22.565,,GF,24,,,,,103
imsa,2023,Long Beach,Acura Grand Prix of Long Beach,race,537,6,GTP,Mathieu Jaminet,mathieu jaminet,59,2.0,26,72.88,23.663,27.698,21.519,,GF,25,,,,,103
imsa,2023,Long Beach,Acura Grand Prix of Long Beach,race,537,6,GTP,Mathieu Jaminet,mathieu jaminet,60,2.0,27,73.257,23.753,27.243,22.261,,GF,26,,,,,103
imsa,2023,Long Beach,Acura Grand Prix of Long Beach,race,537,6,GTP,Mathieu Jaminet,mathieu jaminet,61,2.0,28,72.844,23.83,27.505,21.509,,GF,27,,,,,103
imsa,2023,Long Beach,Acura Grand Prix of Long Beach,race,537,6,GTP,Mathieu Jaminet,mathieu jaminet,62,2.0,29,74.359,23.859,27.541,22.959,,GF,28,,,,,103
imsa,2023,Long Beach,Acura Grand Prix of Long Beach,race,537,6,GTP,Mathieu Jaminet,mathieu jaminet,63,2.0,30,73.175,23.929,27.624,21.622,,GF,29,,,,,103
imsa,2023,Long Beach,Acura Grand Prix of Long Beach,race,537,6,GTP,Mathieu Jaminet,mathieu jaminet,64,2.0,31,72.897,23.921,27.421,21.555,,GF,30,,,,,103
imsa,2023,Long Beach,Acura Grand Prix of Long Beach,race,537,6,GTP,Mathieu Jaminet,mathieu jaminet,65,2.0,32,72.912,23.899,27.403,21.61,,GF,31,,,,,103
imsa,2023,Long Beach,Acura Grand Prix of Long Beach,race,537,6,GTP,Mathieu Jaminet,mathieu jaminet,66,2.0,33,73.573,23.904,27.363,22.306,,GF,32,,,,,103
imsa,2023,Long Beach,Acura Grand Prix of Long Beach,race,537,6,GTP,Mathieu Jaminet,mathieu jaminet,67,2.0,34,73.324,23.953,27.513,21.858,,GF,33,,,,,103
imsa,2023,Long Beach,Acura Grand Prix of Long Beach,race,537,6,GTP,Mathieu Jaminet,mathieu jaminet,68,2.0,35,74.358,24.189,27.685,22.484,,GF,34,,,,,103
imsa,2023,Long Beach,Acura Grand Prix of Long Beach,race,537,6,GTP,Mathieu Jaminet,mathieu jaminet,69,2.0,36,74.455,24.517,28.255,21.683,,GF,35,,,,,103
imsa,2023,Long Beach,Acura Grand Prix of Long Beach,race,537,6,GTP,Mathieu Jaminet,mathieu jaminet,70,2.0,37,73.499,23.982,27.527,21.99,,GF,36,,,,,103
imsa,2023,Long Beach,Acura Grand Prix of Long Beach,race,537,6,GTP,Mathieu Jaminet,mathieu jaminet,71,2.0,38,73.552,24.361,27.566,21.625,,GF,37,,,,,103
imsa,2023,Long Beach,Acura Grand Prix of Long Beach,race,537,6,GTP,Mathieu Jaminet,mathieu jaminet,72,2.0,39,73.102,23.967,27.453,21.682,,GF,38,,,,,103
imsa,2023,Long Beach,Acura Grand Prix of Long Beach,race,537,6,GTP,Mathieu Jaminet,mathieu jaminet,73,2.0,40,73.462,24.23,27.544,21.688,,GF,39,,,,,103
imsa,2023,Long Beach,Acura Grand Prix of Long Beach,race,537,6,GTP,Mathieu Jaminet,mathieu jaminet,74,2.0,41,73.684,24.138,27.886,21.66,,GF,40,,,,,103
imsa,2023,Long Beach,Acura Grand Prix of Long Beach,race,537,6,GTP,Mathieu Jaminet,mathieu jaminet,75,2.0,42,75.533,25.06,28.721,21.752,,GF,41,,,,,103
imsa,2023,Long Beach,Acura Grand Prix of Long Beach,race,537,6,GTP,Mathieu Jaminet,mathieu jaminet,76,2.0,43,73.5,24.137,27.449,21.914,,GF,42,,,,,103
imsa,2023,Long Beach,Acura Grand Prix of Long Beach,race,537,6,GTP,Mathieu Jaminet,mathieu jaminet,77,2.0,44,77.758,24.558,27.675,25.525,,FCY,43,,,,,103
imsa,2023,Long Beach,Acura Grand Prix of Long Beach,race,537,6,GTP,Mathieu Jaminet,mathieu jaminet,78,2.0,45,140.272,50.91,51.059,38.303,,FF,43,,,,,103
imsa,2023,Long Beach,Acura Grand Prix of Long Beach,race,537,60,GTP,Tom Blomqvist,tom blomqvist,1,1.0,0,256.671,168.914,45.497,42.26,,FCY,0,,,,,103
imsa,2023,Long Beach,Acura Grand Prix of Long Beach,race,537,60,GTP,Tom Blomqvist,tom blomqvist,2,1.0,1,121.619,54.667,37.054,29.898,,FCY,0,,,,,103
imsa,2023,Long Beach,Acura Grand Prix of Long Beach,race,537,60,GTP,Tom Blomqvist,tom blomqvist,3,1.0,2,138.92,48.538,56.554,33.828,,FCY,0,,,,,103
imsa,2023,Long Beach,Acura Grand Prix of Long Beach,race,537,60,GTP,Tom Blomqvist,tom blomqvist,4,1.0,3,114.291,40.973,43.804,29.514,,GF,0,,,,,103
imsa,2023,Long Beach,Acura Grand Prix of Long Beach,race,537,60,GTP,Tom Blomqvist,tom blomqvist,5,1.0,4,76.232,25.389,28.629,22.214,,GF,1,,,,,103
imsa,2023,Long Beach,Acura Grand Prix of Long Beach,race,537,60,GTP,Tom Blomqvist,tom blomqvist,6,1.0,5,73.957,24.085,27.634,22.238,,GF,2,,,,,103
imsa,2023,Long Beach,Acura Grand Prix of Long Beach,race,537,60,GTP,Tom Blomqvist,tom blomqvist,7,1.0,6,73.868,24.155,27.54,22.173,,GF,3,,,,,103
imsa,2023,Long Beach,Acura Grand Prix of Long Beach,race,537,60,GTP,Tom Blomqvist,tom blomqvist,8,1.0,7,73.691,24.046,27.536,22.109,,GF,4,,,,,103
imsa,2023,Long Beach,Acura Grand Prix of Long Beach,race,537,60,GTP,Tom Blomqvist,tom blomqvist,9,1.0,8,73.297,23.808,27.593,21.896,,GF,5,,,,,103
imsa,2023,Long Beach,Acura Grand Prix of Long Beach,race,537,60,GTP,Tom Blomqvist,tom blomqvist,10,1.0,9,73.208,23.796,27.488,21.924,,GF,6,,,,,103
imsa,2023,Long Beach,Acura Grand Prix of Long Beach,race,537,60,GTP,Tom Blomqvist,tom blomqvist,11,1.0,10,72.78,23.688,27.523,21.569,,GF,7,,,,,103
imsa,2023,Long Beach,Acura Grand Prix of Long Beach,race,537,60,GTP,Tom Blomqvist,tom blomqvist,12,1.0,11,73.373,23.824,27.946,21.603,,GF,8,,,,,103
imsa,2023,Long Beach,Acura Grand Prix of Long Beach,race,537,60,GTP,Tom Blomqvist,tom blomqvist,13,1.0,12,73.071,23.769,27.336,21.966,,GF,9,,,,,103
imsa,2023,Long Beach,Acura Grand Prix of Long Beach,race,537,60,GTP,Tom Blomqvist,tom blomqvist,14,1.0,13,76.204,24.338,28.068,23.798,,GF,10,,,,,103
imsa,2023,Long Beach,Acura Grand Prix of Long Beach,race,537,60,GTP,Tom Blomqvist,tom blomqvist,15,1.0,14,75.548,24.92,28.851,21.777,,GF,11,,,,,103
imsa,2023,Long Beach,Acura Grand Prix of Long Beach,race,537,60,GTP,Tom Blomqvist,tom blomqvist,16,1.0,15,74.311,24.663,28.038,21.61,,GF,12,,,,,103
imsa,2023,Long Beach,Acura Grand Prix of Long Beach,race,537,60,GTP,Tom Blomqvist,tom blomqvist,17,1.0,16,73.822,23.801,27.458,22.563,,GF,13,,,,,103
imsa,2023,Long Beach,Acura Grand Prix of Long Beach,race,537,60,GTP,Tom Blomqvist,tom blomqvist,18,1.0,17,73.862,23.793,27.734,22.335,,GF,14,,,,,103
imsa,2023,Long Beach,Acura Grand Prix of Long Beach,race,537,60,GTP,Tom Blomqvist,tom blomqvist,19,1.0,18,74.669,25.197,28.067,21.405,,GF,15,,,,,103
imsa,2023,Long Beach,Acura Grand Prix of Long Beach,race,537,60,GTP,Tom Blomqvist,tom blomqvist,20,1.0,19,79.382,23.516,27.039,28.827,,GF,16,,,,,103
imsa,2023,Long Beach,Acura Grand Prix of Long Beach,race,537,60,GTP,Tom Blomqvist,tom blomqvist,21,1.0,20,72.324,23.923,27.087,21.314,,GF,17,,,,,103
imsa,2023,Long Beach,Acura Grand Prix of Long Beach,race,537,60,GTP,Tom Blomqvist,tom blomqvist,22,1.0,21,72.596,23.602,27.665,21.329,,GF,18,,,,,103
imsa,2023,Long Beach,Acura Grand Prix of Long Beach,race,537,60,GTP,Tom Blomqvist,tom blomqvist,23,1.0,22,73.254,23.617,27.089,22.548,,GF,19,,,,,103
imsa,2023,Long Beach,Acura Grand Prix of Long Beach,race,537,60,GTP,Tom Blomqvist,tom blomqvist,24,1.0,23,72.896,23.356,27.038,22.502,,GF,20,,,,,103
imsa,2023,Long Beach,Acura Grand Prix of Long Beach,race,537,60,GTP,Tom Blomqvist,tom blomqvist,25,1.0,24,71.616,23.22,27.065,21.331,,GF,21,,,,,103
imsa,2023,Long Beach,Acura Grand Prix of Long Beach,race,537,60,GTP,Tom Blomqvist,tom blomqvist,26,1.0,25,72.054,23.428,27.363,21.263,,GF,22,,,,,103
imsa,2023,Long Beach,Acura Grand Prix of Long Beach,race,537,60,GTP,Tom Blomqvist,tom blomqvist,27,1.0,26,72.366,23.491,26.945,21.93,,GF,23,,,,,103
imsa,2023,Long Beach,Acura Grand Prix of Long Beach,race,537,60,GTP,Tom Blomqvist,tom blomqvist,28,1.0,27,73.447,23.9,27.738,21.809,,GF,24,,,,,103
imsa,2023,Long Beach,Acura Grand Prix of Long Beach,race,537,60,GTP,Tom Blomqvist,tom blomqvist,29,1.0,28,72.015,23.51,27.103,21.402,,GF,25,,,,,103
imsa,2023,Long Beach,Acura Grand Prix of Long Beach,race,537,60,GTP,Tom Blomqvist,tom blomqvist,30,1.0,29,74.206,25.129,27.649,21.428,,GF,26,,,,,103
imsa,2023,Long Beach,Acura Grand Prix of Long Beach,race,537,60,GTP,Tom Blomqvist,tom blomqvist,31,1.0,30,71.761,23.438,27.118,21.205,,GF,27,,,,,103
imsa,2023,Long Beach,Acura Grand Prix of Long Beach,race,537,60,GTP,Tom Blomqvist,tom blomqvist,32,1.0,31,73.804,23.659,27.91,22.235,,GF,28,,,,,103
imsa,2023,Long Beach,Acura Grand Prix of Long Beach,race,537,60,GTP,Tom Blomqvist,tom blomqvist,33,1.0,32,73.559,23.567,27.424,22.568,,GF,29,,,,,103
imsa,2023,Long Beach,Acura Grand Prix of Long Beach,race,537,60,GTP,Tom Blomqvist,tom blomqvist,34,1.0,33,73.85,24.167,27.651,22.032,,GF,30,,,,,103
imsa,2023,Long Beach,Acura Grand Prix of Long Beach,race,537,60,GTP,Tom Blomqvist,tom blomqvist,35,1.0,34,72.851,23.619,27.706,21.526,,GF,31,,,,,103
imsa,2023,Long Beach,Acura Grand Prix of Long Beach,race,537,60,GTP,Tom Blomqvist,tom blomqvist,36,1.0,35,73.051,23.873,27.136,22.042,,GF,32,,,,,103
imsa,2023,Long Beach,Acura Grand Prix of Long Beach,race,537,60,GTP,Tom Blomqvist,tom blomqvist,37,1.0,36,72.309,23.537,27.354,21.418,,GF,33,,,,,103
imsa,2023,Long Beach,Acura Grand Prix of Long Beach,race,537,60,GTP,Tom Blomqvist,tom blomqvist,38,1.0,37,72.893,23.767,27.65,21.476,,GF,34,,,,,103
imsa,2023,Long Beach,Acura Grand Prix of Long Beach,race,537,60,GTP,Tom Blomqvist,tom blomqvist,39,1.0,38,73.232,23.556,27.05,22.626,,GF,35,,,,,103
imsa,2023,Long Beach,Acura Grand Prix of Long Beach,race,537,60,GTP,Tom Blomqvist,tom blomqvist,40,1.0,39,72.706,23.769,27.418,21.519,,GF,36,,,,,103
imsa,2023,Long Beach,Acura Grand Prix of Long Beach,race,537,60,GTP,Tom Blomqvist,tom blomqvist,41,1.0,40,72.597,23.91,27.319,21.368,,GF,37,,,,,103
imsa,2023,Long Beach,Acura Grand Prix of Long Beach,race,537,60,GTP,Tom Blomqvist,tom blomqvist,42,1.0,41,71.991,23.597,27.134,21.26,,GF,38,,,,,103
imsa,2023,Long Beach,Acura Grand Prix of Long Beach,race,537,60,GTP,Tom Blomqvist,tom blomqvist,43,1.0,42,71.998,23.624,27.061,21.313,,GF,39,,,,,103
imsa,2023,Long Beach,Acura Grand Prix of Long Beach,race,537,60,GTP,Tom Blomqvist,tom blomqvist,44,1.0,43,76.087,24.224,28.837,23.026,,GF,40,,,,,103
imsa,2023,Long Beach,Acura Grand Prix of Long Beach,race,537,60,GTP,Tom Blomqvist,tom blomqvist,45,1.0,44,72.62,23.731,27.257,21.632,,GF,41,,,,,103
imsa,2023,Long Beach,Acura Grand Prix of Long Beach,race,537,60,GTP,Tom Blomqvist,tom blomqvist,46,1.0,45,73.044,23.442,27.526,22.076,,GF,42,,,,,103
imsa,2023,Long Beach,Acura Grand Prix of Long Beach,race,537,60,GTP,Tom Blomqvist,tom blomqvist,47,1.0,46,72.015,23.232,27.028,21.755,,GF,43,,,,,103
imsa,2023,Long Beach,Acura Grand Prix of Long Beach,race,537,60,GTP,Tom Blomqvist,tom blomqvist,48,1.0,47,72.256,23.456,27.549,21.251,,GF,44,,,,,103
imsa,2023,Long Beach,Acura Grand Prix of Long Beach,race,537,60,GTP,Tom Blomqvist,tom blomqvist,49,1.0,48,74.044,24.894,27.515,21.635,,GF,45,,,,,103
imsa,2023,Long Beach,Acura Grand Prix of Long Beach,race,537,60,GTP,Tom Blomqvist,tom blomqvist,50,1.0,49,72.123,23.548,27.152,21.423,,GF,46,,,,,103
imsa,2023,Long Beach,Acura Grand Prix of Long Beach,race,537,60,GTP,Tom Blomqvist,tom blomqvist,51,1.0,50,75.168,25.036,28.763,21.369,,GF,47,,,,,103
imsa,2023,Long Beach,Acura Grand Prix of Long Beach,race,537,60,GTP,Tom Blomqvist,tom blomqvist,52,1.0,51,72.807,23.902,27.588,21.317,,GF,48,,,,,103
imsa,2023,Long Beach,Acura Grand Prix of Long Beach,race,537,60,GTP,Tom Blomqvist,tom blomqvist,53,1.0,52,72.495,23.858,27.219,21.418,,GF,49,,,,,103
imsa,2023,Long Beach,Acura Grand Prix of Long Beach,race,537,60,GTP,Tom Blomqvist,tom blomqvist,54,1.0,53,72.297,23.572,27.307,21.418,,GF,50,,,,,103
imsa,2023,Long Beach,Acura Grand Prix of Long Beach,race,537,60,GTP,Tom Blomqvist,tom blomqvist,55,1.0,54,85.632,23.548,27.457,34.627,,GF,51,,,,,103
imsa,2023,Long Beach,Acura Grand Prix of Long Beach,race,537,60,GTP,Colin Braun,colin braun,56,2.0,0,137.287,73.784,28.16,35.343,65.149,GF,0,,,,,103
imsa,2023,Long Beach,Acura Grand Prix of Long Beach,race,537,60,GTP,Colin Braun,colin braun,57,2.0,1,100.312,50.627,27.96,21.725,42.757,GF,0,,,,,103
imsa,2023,Long Beach,Acura Grand Prix of Long Beach,race,537,60,GTP,Colin Braun,colin braun,58,2.0,2,72.957,23.96,27.547,21.45,,GF,0,,,,,103
imsa,2023,Long Beach,Acura Grand Prix of Long Beach,race,537,60,GTP,Colin Braun,colin braun,59,2.0,3,73.342,24.015,27.76,21.567,,GF,1,,,,,103
imsa,2023,Long Beach,Acura Grand Prix of Long Beach,race,537,60,GTP,Colin Braun,colin braun,60,2.0,4,73.927,24.29,28.012,21.625,,GF,2,,,,,103
imsa,2023,Long Beach,Acura Grand Prix of Long Beach,race,537,60,GTP,Colin Braun,colin braun,61,2.0,5,75.018,24.841,28.654,21.523,,GF,3,,,,,103
imsa,2023,Long Beach,Acura Grand Prix of Long Beach,race,537,60,GTP,Colin Braun,colin braun,62,2.0,6,74.174,24.236,28.246,21.692,,GF,4,,,,,103
imsa,2023,Long Beach,Acura Grand Prix of Long Beach,race,537,60,GTP,Colin Braun,colin braun,63,2.0,7,72.539,23.788,27.318,21.433,,GF,5,,,,,103
imsa,2023,Long Beach,Acura Grand Prix of Long Beach,race,537,60,GTP,Colin Braun,colin braun,64,2.0,8,74.521,24.438,28.676,21.407,,GF,6,,,,,103
imsa,2023,Long Beach,Acura Grand Prix of Long Beach,race,537,60,GTP,Colin Braun,colin braun,65,2.0,9,72.711,23.845,27.278,21.588,,GF,7,,,,,103
imsa,2023,Long Beach,Acura Grand Prix of Long Beach,race,537,60,GTP,Colin Braun,colin braun,66,2.0,10,73.383,24.173,27.38,21.83,,GF,8,,,,,103
imsa,2023,Long Beach,Acura Grand Prix of Long Beach,race,537,60,GTP,Colin Braun,colin braun,67,2.0,11,73.358,23.82,27.374,22.164,,GF,9,,,,,103
imsa,2023,Long Beach,Acura Grand Prix of Long Beach,race,537,60,GTP,Colin Braun,colin braun,68,2.0,12,72.914,24.073,27.441,21.4,,GF,10,,,,,103
imsa,2023,Long Beach,Acura Grand Prix of Long Beach,race,537,60,GTP,Colin Braun,colin braun,69,2.0,13,72.374,23.775,27.257,21.342,,GF,11,,,,,103
imsa,2023,Long Beach,Acura Grand Prix of Long Beach,race,537,60,GTP,Colin Braun,colin braun,70,2.0,14,72.447,23.822,27.178,21.447,,GF,12,,,,,103
imsa,2023,Long Beach,Acura Grand Prix of Long Beach,race,537,60,GTP,Colin Braun,colin braun,71,2.0,15,73.235,23.949,27.334,21.952,,GF,13,,,,,103
imsa,2023,Long Beach,Acura Grand Prix of Long Beach,race,537,60,GTP,Colin Braun,colin braun,72,2.0,16,73.448,23.849,27.768,21.831,,GF,14,,,,,103
imsa,2023,Long Beach,Acura Grand Prix of Long Beach,race,537,60,GTP,Colin Braun,colin braun,73,2.0,17,75.83,25.266,28.433,22.131,,GF,15,,,,,103
imsa,2023,Long Beach,Acura Grand Prix of Long Beach,race,537,60,GTP,Colin Braun,colin braun,74,2.0,18,73.496,24.12,27.63,21.746,,GF,16,,,,,103
imsa,2023,Long Beach,Acura Grand Prix of Long Beach,race,537,60,GTP,Colin Braun,colin braun,75,2.0,19,74.534,24.013,28.01,22.511,,GF,17,,,,,103
imsa,2023,Long Beach,Acura Grand Prix of Long Beach,race,537,60,GTP,Colin Braun,colin braun,76,2.0,20,77.583,25.323,29.095,23.165,,FCY,18,,,,,103
imsa,2023,Long Beach,Acura Grand Prix of Long Beach,race,537,60,GTP,Colin Braun,colin braun,77,2.0,21,114.074,30.429,43.651,39.994,,FF,18,,,,,103
imsa,2023,Long Beach,Acura Grand Prix of Long Beach,race,537,7,GTP,Felipe Nasr,felipe nasr,1,1.0,0,87.723,28.958,28.944,29.821,,FCY,0,,,,,103
imsa,2023,Long Beach,Acura Grand Prix of Long Beach,race,537,7,GTP,Felipe Nasr,felipe nasr,2,1.0,1,144.025,47.909,55.744,40.372,,FCY,0,,,,,103
imsa,2023,Long Beach,Acura Grand Prix of Long Beach,race,537,7,GTP,Felipe Nasr,felipe nasr,3,1.0,2,144.469,50.904,53.236,40.329,,FCY,0,,,,,103
imsa,2023,Long Beach,Acura Grand Prix of Long Beach,race,537,7,GTP,Felipe Nasr,felipe nasr,4,1.0,3,137.732,48.782,56.309,32.641,,FCY,0,,,,,103
imsa,2023,Long Beach,Acura Grand Prix of Long Beach,race,537,7,GTP,Felipe Nasr,felipe nasr,5,1.0,4,116.414,42.521,43.953,29.94,,GF,0,,,,,103
imsa,2023,Long Beach,Acura Grand Prix of Long Beach,race,537,7,GTP,Felipe Nasr,felipe nasr,6,1.0,5,76.39,25.58,28.367,22.443,,GF,1,,,,,103
imsa,2023,Long Beach,Acura Grand Prix of Long Beach,race,537,7,GTP,Felipe Nasr,felipe nasr,7,1.0,6,74.478,24.364,27.947,22.167,,GF,2,,,,,103
imsa,2023,Long Beach,Acura Grand Prix of Long Beach,race,537,7,GTP,Felipe Nasr,felipe nasr,8,1.0,7,73.945,24.111,27.831,22.003,,GF,3,,,,,103
imsa,2023,Long Beach,Acura Grand Prix of Long Beach,race,537,7,GTP,Felipe Nasr,felipe nasr,9,1.0,8,73.586,24.107,27.656,21.823,,GF,4,,,,,103
imsa,2023,Long Beach,Acura Grand Prix of Long Beach,race,537,7,GTP,Felipe Nasr,felipe nasr,10,1.0,9,73.378,23.933,27.692,21.753,,GF,5,,,,,103
imsa,2023,Long Beach,Acura Grand Prix of Long Beach,race,537,7,GTP,Felipe Nasr,felipe nasr,11,1.0,10,73.123,23.826,27.537,21.76,,GF,6,,,,,103
imsa,2023,Long Beach,Acura Grand Prix of Long Beach,race,537,7,GTP,Felipe Nasr,felipe nasr,12,1.0,11,72.867,23.649,27.638,21.58,,GF,7,,,,,103
imsa,2023,Long Beach,Acura Grand Prix of Long Beach,race,537,7,GTP,Felipe Nasr,felipe nasr,13,1.0,12,73.284,23.824,27.756,21.704,,GF,8,,,,,103
imsa,2023,Long Beach,Acura Grand Prix of Long Beach,race,537,7,GTP,Felipe Nasr,felipe nasr,14,1.0,13,73.051,23.668,27.626,21.757,,GF,9,,,,,103
imsa,2023,Long Beach,Acura Grand Prix of Long Beach,race,537,7,GTP,Felipe Nasr,felipe nasr,15,1.0,14,76.202,24.411,28.222,23.569,,GF,10,,,,,103
imsa,2023,Long Beach,Acura Grand Prix of Long Beach,race,537,7,GTP,Felipe Nasr,felipe nasr,16,1.0,15,75.535,25.13,28.632,21.773,,GF,11,,,,,103
imsa,2023,Long Beach,Acura Grand Prix of Long Beach,race,537,7,GTP,Felipe Nasr,felipe nasr,17,1.0,16,74.439,24.914,27.729,21.796,,GF,12,,,,,103
imsa,2023,Long Beach,Acura Grand Prix of Long Beach,race,537,7,GTP,Felipe Nasr,felipe nasr,18,1.0,17,73.787,23.842,27.588,22.357,,GF,13,,,,,103
imsa,2023,Long Beach,Acura Grand Prix of Long Beach,race,537,7,GTP,Felipe Nasr,felipe nasr,19,1.0,18,73.891,23.762,28.07,22.059,,GF,14,,,,,103
imsa,2023,Long Beach,Acura Grand Prix of Long Beach,race,537,7,GTP,Felipe Nasr,felipe nasr,20,1.0,19,73.25,24.187,27.648,21.415,,GF,15,,,,,103
imsa,2023,Long Beach,Acura Grand Prix of Long Beach,race,537,7,GTP,Felipe Nasr,felipe nasr,21,1.0,20,72.715,23.66,27.483,21.572,,GF,16,,,,,103
imsa,2023,Long Beach,Acura Grand Prix of Long Beach,race,537,7,GTP,Felipe Nasr,felipe nasr,22,1.0,21,73.08,23.718,27.807,21.555,,GF,17,,,,,103
imsa,2023,Long Beach,Acura Grand Prix of Long Beach,race,537,7,GTP,Felipe Nasr,felipe nasr,23,1.0,22,73.032,23.971,27.453,21.608,,GF,18,,,,,103
imsa,2023,Long Beach,Acura Grand Prix of Long Beach,race,537,7,GTP,Felipe Nasr,felipe nasr,24,1.0,23,73.624,23.945,27.424,22.255,,GF,19,,,,,103
imsa,2023,Long Beach,Acura Grand Prix of Long Beach,race,537,7,GTP,Felipe Nasr,felipe nasr,25,1.0,24,72.565,23.694,27.313,21.558,,GF,20,,,,,103
imsa,2023,Long Beach,Acura Grand Prix of Long Beach,race,537,7,GTP,Felipe Nasr,felipe nasr,26,1.0,25,73.251,23.612,27.506,22.133,,GF,21,,,,,103
imsa,2023,Long Beach,Acura Grand Prix of Long Beach,race,537,7,GTP,Felipe Nasr,felipe nasr,27,1.0,26,72.423,23.629,27.454,21.34,,GF,22,,,,,103
imsa,2023,Long Beach,Acura Grand Prix of Long Beach,race,537,7,GTP,Felipe Nasr,felipe nasr,28,1.0,27,72.529,23.513,27.458,21.558,,GF,23,,,,,103
imsa,2023,Long Beach,Acura Grand Prix of Long Beach,race,537,7,GTP,Felipe Nasr,felipe nasr,29,1.0,28,73.153,23.908,27.729,21.516,,GF,24,,,,,103
imsa,2023,Long Beach,Acura Grand Prix of Long Beach,race,537,7,GTP,Felipe Nasr,felipe nasr,30,1.0,29,73.432,23.815,27.599,22.018,,GF,25,,,,,103
imsa,2023,Long Beach,Acura Grand Prix of Long Beach,race,537,7,GTP,Felipe Nasr,felipe nasr,31,1.0,30,73.733,23.695,27.568,22.47,,GF,26,,,,,103
imsa,2023,Long Beach,Acura Grand Prix of Long Beach,race,537,7,GTP,Felipe Nasr,felipe nasr,32,1.0,31,72.908,23.719,27.635,21.554,,GF,27,,,,,103
imsa,2023,Long Beach,Acura Grand Prix of Long Beach,race,537,7,GTP,Felipe Nasr,felipe nasr,33,1.0,32,75.114,25.061,28.269,21.784,,GF,28,,,,,103
imsa,2023,Long Beach,Acura Grand Prix of Long Beach,race,537,7,GTP,Felipe Nasr,felipe nasr,34,1.0,33,87.293,24.497,28.1,34.696,,GF,29,,,,,103
imsa,2023,Long Beach,Acura Grand Prix of Long Beach,race,537,7,GTP,Matt Campbell,matt campbell,35,2.0,0,124.879,75.341,27.959,21.579,68.108,GF,0,,,,,103
imsa,2023,Long Beach,Acura Grand Prix of Long Beach,race,537,7,GTP,Matt Campbell,matt campbell,36,2.0,1,74.263,24.261,28.18,21.822,,GF,0,,,,,103
imsa,2023,Long Beach,Acura Grand Prix of Long Beach,race,537,7,GTP,Matt Campbell,matt campbell,37,2.0,2,75.586,23.959,28.912,22.715,,GF,1,,,,,103
imsa,2023,Long Beach,Acura Grand Prix of Long Beach,race,537,7,GTP,Matt Campbell,matt campbell,38,2.0,3,72.834,23.724,27.657,21.453,,GF,2,,,,,103
imsa,2023,Long Beach,Acura Grand Prix of Long Beach,race,537,7,GTP,Matt Campbell,matt campbell,39,2.0,4,74.057,24.614,27.812,21.631,,GF,3,,,,,103
imsa,2023,Long Beach,Acura Grand Prix of Long Beach,race,537,7,GTP,Matt Campbell,matt campbell,40,2.0,5,73.282,24.21,27.456,21.616,,GF,4,,,,,103
imsa,2023,Long Beach,Acura Grand Prix of Long Beach,race,537,7,GTP,Matt Campbell,matt campbell,41,2.0,6,72.228,23.568,27.351,21.309,,GF,5,,,,,103
imsa,2023,Long Beach,Acura Grand Prix of Long Beach,race,537,7,GTP,Matt Campbell,matt campbell,42,2.0,7,71.909,23.495,27.135,21.279,,GF,6,,,,,103
imsa,2023,Long Beach,Acura Grand Prix of Long Beach,race,537,7,GTP,Matt Campbell,matt campbell,43,2.0,8,73.775,23.415,28.215,22.145,,GF,7,,,,,103
imsa,2023,Long Beach,Acura Grand Prix of Long Beach,race,537,7,GTP,Matt Campbell,matt campbell,44,2.0,9,74.585,24.535,28.578,21.472,,GF,8,,,,,103
imsa,2023,Long Beach,Acura Grand Prix of Long Beach,race,537,7,GTP,Matt Campbell,matt campbell,45,2.0,10,72.875,23.663,27.447,21.765,,GF,9,,,,,103
imsa,2023,Long Beach,Acura Grand Prix of Long Beach,race,537,7,GTP,Matt Campbell,matt campbell,46,2.0,11,72.516,23.589,27.528,21.399,,GF,10,,,,,103
imsa,2023,Long Beach,Acura Grand Prix of Long Beach,race,537,7,GTP,Matt Campbell,matt campbell,47,2.0,12,72.254,23.551,27.418,21.285,,GF,11,,,,,103
imsa,2023,Long Beach,Acura Grand Prix of Long Beach,race,537,7,GTP,Matt Campbell,matt campbell,48,2.0,13,72.652,23.722,27.285,21.645,,GF,12,,,,,103
imsa,2023,Long Beach,Acura Grand Prix of Long Beach,race,537,7,GTP,Matt Campbell,matt campbell,49,2.0,14,72.518,23.788,27.38,21.35,,GF,13,,,,,103
imsa,2023,Long Beach,Acura Grand Prix of Long Beach,race,537,7,GTP,Matt Campbell,matt campbell,50,2.0,15,72.921,23.494,27.92,21.507,,GF,14,,,,,103
imsa,2023,Long Beach,Acura Grand Prix of Long Beach,race,537,7,GTP,Matt Campbell,matt campbell,51,2.0,16,73.007,23.811,27.61,21.586,,GF,15,,,,,103
imsa,2023,Long Beach,Acura Grand Prix of Long Beach,race,537,7,GTP,Matt Campbell,matt campbell,52,2.0,17,72.596,23.701,27.431,21.464,,GF,16,,,,,103
imsa,2023,Long Beach,Acura Grand Prix of Long Beach,race,537,7,GTP,Matt Campbell,matt campbell,53,2.0,18,72.516,23.749,27.342,21.425,,GF,17,,,,,103
imsa,2023,Long Beach,Acura Grand Prix of Long Beach,race,537,7,GTP,Matt Campbell,matt campbell,54,2.0,19,72.598,23.684,27.405,21.509,,GF,18,,,,,103
imsa,2023,Long Beach,Acura Grand Prix of Long Beach,race,537,7,GTP,Matt Campbell,matt campbell,55,2.0,20,73.276,23.616,27.924,21.736,,GF,19,,,,,103
imsa,2023,Long Beach,Acura Grand Prix of Long Beach,race,537,7,GTP,Matt Campbell,matt campbell,56,2.0,21,73.822,24.074,28.147,21.601,,GF,20,,,,,103
imsa,2023,Long Beach,Acura Grand Prix of Long Beach,race,537,7,GTP,Matt Campbell,matt campbell,57,2.0,22,73.984,23.627,27.565,22.792,,GF,21,,,,,103
imsa,2023,Long Beach,Acura Grand Prix of Long Beach,race,537,7,GTP,Matt Campbell,matt campbell,58,2.0,23,72.705,23.571,27.712,21.422,,GF,22,,,,,103
imsa,2023,Long Beach,Acura Grand Prix of Long Beach,race,537,7,GTP,Matt Campbell,matt campbell,59,2.0,24,73.984,24.23,28.21,21.544,,GF,23,,,,,103
imsa,2023,Long Beach,Acura Grand Prix of Long Beach,race,537,7,GTP,Matt Campbell,matt campbell,60,2.0,25,72.751,23.49,27.294,21.967,,GF,24,,,,,103
imsa,2023,Long Beach,Acura Grand Prix of Long Beach,race,537,7,GTP,Matt Campbell,matt campbell,61,2.0,26,73.337,24.127,27.83,21.38,,GF,25,,,,,103
imsa,2023,Long Beach,Acura Grand Prix of Long Beach,race,537,7,GTP,Matt Campbell,matt campbell,62,2.0,27,73.069,23.6,27.916,21.553,,GF,26,,,,,103
imsa,2023,Long Beach,Acura Grand Prix of Long Beach,race,537,7,GTP,Matt Campbell,matt campbell,63,2.0,28,75.158,24.666,28.731,21.761,,GF,27,,,,,103
imsa,2023,Long Beach,Acura Grand Prix of Long Beach,race,537,7,GTP,Matt Campbell,matt campbell,64,2.0,29,72.846,23.742,27.469,21.635,,GF,28,,,,,103
imsa,2023,Long Beach,Acura Grand Prix of Long Beach,race,537,7,GTP,Matt Campbell,matt campbell,65,2.0,30,73.353,23.82,27.946,21.587,,GF,29,,,,,103
imsa,2023,Long Beach,Acura Grand Prix of Long Beach,race,537,7,GTP,Matt Campbell,matt campbell,66,2.0,31,73.427,23.8,28.114,21.513,,GF,30,,,,,103
imsa,2023,Long Beach,Acura Grand Prix of Long Beach,race,537,7,GTP,Matt Campbell,matt campbell,67,2.0,32,74.447,23.905,28.413,22.129,,GF,31,,,,,103
imsa,2023,Long Beach,Acura Grand Prix of Long Beach,race,537,7,GTP,Matt Campbell,matt campbell,68,2.0,33,73.994,23.789,27.564,22.641,,GF,32,,,,,103
imsa,2023,Long Beach,Acura Grand Prix of Long Beach,race,537,7,GTP,Matt Campbell,matt campbell,69,2.0,34,74.258,23.827,28.375,22.056,,GF,33,,,,,103
imsa,2023,Long Beach,Acura Grand Prix of Long Beach,race,537,7,GTP,Matt Campbell,matt campbell,70,2.0,35,76.53,24.728,29.723,22.079,,GF,34,,,,,103
imsa,2023,Long Beach,Acura Grand Prix of Long Beach,race,537,7,GTP,Matt Campbell,matt campbell,71,2.0,36,74.049,24.348,28.096,21.605,,GF,35,,,,,103
imsa,2023,Long Beach,Acura Grand Prix of Long Beach,race,537,7,GTP,Matt Campbell,matt campbell,72,2.0,37,74.216,24.588,27.848,21.78,,GF,36,,,,,103
imsa,2023,Long Beach,Acura Grand Prix of Long Beach,race,537,7,GTP,Matt Campbell,matt campbell,73,2.0,38,73.373,23.995,27.721,21.657,,GF,37,,,,,103
imsa,2023,Long Beach,Acura Grand Prix of Long Beach,race,537,7,GTP,Matt Campbell,matt campbell,74,2.0,39,73.726,24.16,27.928,21.638,,GF,38,,,,,103
imsa,2023,Long Beach,Acura Grand Prix of Long Beach,race,537,7,GTP,Matt Campbell,matt campbell,75,2.0,40,73.615,23.856,27.598,22.161,,GF,39,,,,,103
imsa,2023,Long Beach,Acura Grand Prix of Long Beach,race,537,7,GTP,Matt Campbell,matt campbell,76,2.0,41,73.902,24.052,28.164,21.686,,GF,40,,,,,103
imsa,2023,Long Beach,Acura Grand Prix of Long Beach,race,537,7,GTP,Matt Campbell,matt campbell,77,2.0,42,76.031,24.414,27.75,23.867,,FCY,41,,,,,103
imsa,2023,Long Beach,Acura Grand Prix of Long Beach,race,537,7,GTP,Matt Campbell,matt campbell,78,2.0,43,136.905,47.104,51.741,38.06,,FF,41,,,,,103
