car,class,lap,lap_time,flags,pit_time
021,GTD,1,96.302,GF,
021,GTD,2,82.327,GF,
021,GTD,3,81.842,GF,
021,GTD,4,81.067,GF,
021,GTD,5,81.768,GF,
021,GTD,6,81.8,GF,
021,GTD,7,82.739,GF,
021,GTD,8,81.955,GF,
021,GTD,9,82.202,GF,
021,GTD,10,81.58,GF,
021,GTD,11,81.466,GF,
021,GTD,12,81.605,GF,
021,GTD,13,81.263,GF,
021,GTD,14,81.274,GF,
021,GTD,15,84.364,FCY,
021,GTD,16,91.938,FCY,
021,GTD,17,87.68,FCY,
021,GTD,18,99.905,FCY,
021,GTD,19,115.1,FCY,
021,GTD,20,131.657,FCY,
021,GTD,21,112.542,GF,
021,GTD,22,82.07,GF,
021,GTD,23,82.21,GF,
021,GTD,24,95.92,GF,
021,GTD,25,146.892,GF,79.958
021,GTD,26,81.962,GF,
021,GTD,27,81.288,GF,
021,GTD,28,80.775,GF,
021,GTD,29,80.991,GF,
021,GTD,30,81.067,GF,
021,GTD,31,80.839,GF,
021,GTD,32,81.028,GF,
021,GTD,33,80.43,GF,
021,GTD,34,80.246,GF,
021,GTD,35,80.607,GF,
021,GTD,36,80.312,GF,
021,GTD,37,86.182,FCY,
021,GTD,38,89.93,FCY,
021,GTD,39,91.144,FCY,
021,GTD,40,82.074,FCY,
021,GTD,41,85.96,FCY,
021,GTD,42,117.216,FCY,
021,GTD,43,108.708,GF,
021,GTD,44,81.252,GF,
021,GTD,45,80.895,GF,
021,GTD,46,79.945,GF,
021,GTD,47,79.799,GF,
021,GTD,48,79.717,GF,
021,GTD,49,80.187,GF,
021,GTD,50,80.047,GF,
021,GTD,51,80.23,GF,
021,GTD,52,81.322,GF,
021,GTD,53,81.738,GF,
021,GTD,54,79.863,GF,
021,GTD,55,81.386,GF,
021,GTD,56,82.153,GF,
021,GTD,57,81.055,GF,
021,GTD,58,80.313,GF,
021,GTD,59,79.959,GF,
021,GTD,60,80.189,GF,
021,GTD,61,80.47,GF,
021,GTD,62,80.329,GF,
021,GTD,63,81.058,GF,
021,GTD,64,80.649,GF,
021,GTD,65,80.161,GF,
021,GTD,66,80.036,GF,
021,GTD,67,80.59,GF,
021,GTD,68,80.509,GF,
021,GTD,69,79.921,GF,
021,GTD,70,80.423,GF,
021,GTD,71,81.91,FF,
10,GTP,1,81.871,GF,
10,GTP,2,76.008,GF,
10,GTP,3,75.075,GF,
10,GTP,4,74.842,GF,
10,GTP,5,74.622,GF,
10,GTP,6,74.448,GF,
10,GTP,7,74.261,GF,
10,GTP,8,74.233,GF,
10,GTP,9,74.236,GF,
10,GTP,10,74.116,GF,
10,GTP,11,75.477,GF,
10,GTP,12,75.639,GF,
10,GTP,13,74.717,GF,
10,GTP,14,75.189,GF,
10,GTP,15,75.101,GF,
10,GTP,16,75.157,GF,
10,GTP,17,90.19,FCY,
10,GTP,18,112.172,FCY,
10,GTP,19,163.663,FCY,69.786
10,GTP,20,91.991,FCY,
10,GTP,21,89.763,FCY,
10,GTP,22,116.719,GF,
10,GTP,23,76.153,GF,
10,GTP,24,76.055,GF,
10,GTP,25,75.758,GF,
10,GTP,26,74.938,GF,
10,GTP,27,75.396,GF,
10,GTP,28,75.098,GF,
10,GTP,29,75.07,GF,
10,GTP,30,74.998,GF,
10,GTP,31,75.009,GF,
10,GTP,32,75.847,GF,
10,GTP,33,75.388,GF,
10,GTP,34,75.203,GF,
10,GTP,35,74.665,GF,
10,GTP,36,75.466,GF,
10,GTP,37,74.75,GF,
10,GTP,38,75.046,GF,
10,GTP,39,77.828,GF,
10,GTP,40,84.852,FCY,
10,GTP,41,115.315,FCY,
10,GTP,42,121.629,FCY,
10,GTP,43,116.587,FCY,
10,GTP,44,121.819,FCY,
10,GTP,45,114.82,GF,
10,GTP,46,77.304,GF,
10,GTP,47,75.48,GF,
10,GTP,48,75.564,GF,
10,GTP,49,75.478,GF,
10,GTP,50,75.308,GF,
10,GTP,51,75.138,GF,
10,GTP,52,74.214,GF,
10,GTP,53,74.066,GF,
10,GTP,54,73.892,GF,
10,GTP,55,73.615,GF,
10,GTP,56,73.78,GF,
10,GTP,57,74.024,GF,
10,GTP,58,76.433,GF,
10,GTP,59,75.673,GF,
10,GTP,60,76.05,GF,
10,GTP,61,74.627,GF,
10,GTP,62,74.781,GF,
10,GTP,63,75.467,GF,
10,GTP,64,74.828,GF,
10,GTP,65,73.687,GF,
10,GTP,66,73.713,GF,
10,GTP,67,73.493,GF,
10,GTP,68,74.132,GF,
10,GTP,69,73.542,GF,
10,GTP,70,73.298,GF,
10,GTP,71,76.562,GF,
10,GTP,72,74.629,GF,
10,GTP,73,75.93,GF,
10,GTP,74,75.404,GF,
10,GTP,75,77.049,FF,
12,GTD,1,86.624,GF,
12,GTD,2,80.527,GF,
12,GTD,3,79.907,GF,
12,GTD,4,79.416,GF,
12,GTD,5,79.076,GF,
12,GTD,6,78.859,GF,
12,GTD,7,79.168,GF,
12,GTD,8,79.091,GF,
12,GTD,9,79.127,GF,
12,GTD,10,79.329,GF,
12,GTD,11,79.164,GF,
12,GTD,12,79.298,GF,
12,GTD,13,79.296,GF,
12,GTD,14,79.622,GF,
12,GTD,15,79.526,GF,
12,GTD,16,91.378,FCY,
12,GTD,17,107.308,FCY,
12,GTD,18,111.917,FCY,
12,GTD,19,115.167,FCY,
12,GTD,20,124.721,FCY,
12,GTD,21,126.023,GF,
12,GTD,22,79.995,GF,
12,GTD,23,79.27,GF,
12,GTD,24,79.228,GF,
12,GTD,25,89.965,GF,
12,GTD,26,131.117,GF,65.173
12,GTD,27,80.651,GF,
12,GTD,28,79.262,GF,
12,GTD,29,79.166,GF,
12,GTD,30,79.116,GF,
12,GTD,31,79.162,GF,
12,GTD,32,78.706,GF,
12,GTD,33,79.022,GF,
12,GTD,34,78.983,GF,
12,GTD,35,78.993,GF,
12,GTD,36,79.093,GF,
12,GTD,37,79.079,FCY,
12,GTD,38,109.685,FCY,
12,GTD,39,91.787,FCY,
12,GTD,40,88.7,FCY,
12,GTD,41,102.078,FCY,
12,GTD,42,122.107,FCY,
12,GTD,43,114.927,GF,
12,GTD,44,80.064,GF,
12,GTD,45,79.189,GF,
12,GTD,46,78.936,GF,
12,GTD,47,78.876,GF,
12,GTD,48,78.93,GF,
12,GTD,49,78.778,GF,
12,GTD,50,79.042,GF,
12,GTD,51,79.06,GF,
12,GTD,52,78.909,GF,
12,GTD,53,78.926,GF,
12,GTD,54,78.951,GF,
12,GTD,55,78.915,GF,
12,GTD,56,79.571,GF,
12,GTD,57,79.518,GF,
12,GTD,58,79.442,GF,
12,GTD,59,79.058,GF,
12,GTD,60,79.375,GF,
12,GTD,61,79.08,GF,
12,GTD,62,78.968,GF,
12,GTD,63,80.25,GF,
12,GTD,64,79.132,GF,
12,GTD,65,79.686,GF,
12,GTD,66,79.164,GF,
12,GTD,67,79.404,GF,
12,GTD,68,78.996,GF,
12,GTD,69,79.29,GF,
12,GTD,70,79.23,GF,
12,GTD,71,79.711,FF,
120,GTD,1,91.07,GF,
120,GTD,2,81.089,GF,
120,GTD,3,80.842,GF,
120,GTD,4,80.398,GF,
120,GTD,5,79.994,GF,
120,GTD,6,79.963,GF,
120,GTD,7,80.052,GF,
120,GTD,8,79.715,GF,
120,GTD,9,79.931,GF,
120,GTD,10,80.849,GF,
120,GTD,11,81.125,GF,
120,GTD,12,81.415,GF,
120,GTD,13,80.307,GF,
120,GTD,14,79.733,GF,
120,GTD,15,80.348,GF,
120,GTD,16,89.416,FCY,
120,GTD,17,101.331,FCY,
120,GTD,18,108.492,FCY,
120,GTD,19,116.119,FCY,
120,GTD,20,126.17,FCY,
120,GTD,21,120.298,GF,
120,GTD,22,81.318,GF,
120,GTD,23,80.723,GF,
120,GTD,24,91.194,GF,
120,GTD,25,133.201,GF,67.903
120,GTD,26,81.996,GF,
120,GTD,27,80.82,GF,
120,GTD,28,81.751,GF,
120,GTD,29,79.39,GF,
120,GTD,30,78.763,GF,
120,GTD,31,78.935,GF,
120,GTD,32,78.834,GF,
120,GTD,33,78.952,GF,
120,GTD,34,79.088,GF,
120,GTD,35,81.349,GF,
120,GTD,36,81.268,GF,
120,GTD,37,81.253,FCY,
120,GTD,38,114.722,FCY,
120,GTD,39,82.389,FCY,
120,GTD,40,85.083,FCY,
120,GTD,41,99.089,FCY,
120,GTD,42,117.705,FCY,
120,GTD,43,110.864,GF,
120,GTD,44,80.811,GF,
120,GTD,45,79.826,GF,
120,GTD,46,79.617,GF,
120,GTD,47,79.812,GF,
120,GTD,48,79.205,GF,
120,GTD,49,80.291,GF,
120,GTD,50,79.588,GF,
120,GTD,51,79.492,GF,
120,GTD,52,79.806,GF,
120,GTD,53,79.596,GF,
120,GTD,54,80.532,GF,
120,GTD,55,80.685,GF,
120,GTD,56,80.005,GF,
120,GTD,57,81.35,GF,
120,GTD,58,79.25,GF,
120,GTD,59,80.93,GF,
120,GTD,60,79.049,GF,
120,GTD,61,79.632,GF,
120,GTD,62,79.838,GF,
120,GTD,63,79.868,GF,
120,GTD,64,79.851,GF,
120,GTD,65,80.409,GF,
120,GTD,66,79.523,GF,
120,GTD,67,80.798,GF,
120,GTD,68,79.549,GF,
120,GTD,69,79.734,GF,
120,GTD,70,79.563,GF,
120,GTD,71,80.004,FF,
13,GTD,1,92.973,GF,
13,GTD,2,81.182,GF,
13,GTD,3,80.529,GF,
13,GTD,4,80.601,GF,
13,GTD,5,80.486,GF,
13,GTD,6,80.171,GF,
13,GTD,7,80.131,GF,
13,GTD,8,80.272,GF,
13,GTD,9,80.177,GF,
13,GTD,10,80.463,GF,
13,GTD,11,81.163,GF,
13,GTD,12,80.989,GF,
13,GTD,13,80.563,GF,
13,GTD,14,82.234,GF,
13,GTD,15,184.147,FCY,
13,GTD,16,93.769,FCY,
13,GTD,17,112.15,FCY,
13,GTD,18,140.409,FCY,65.16
13,GTD,19,98.549,FCY,
13,GTD,20,111.808,GF,
13,GTD,21,82.037,GF,
13,GTD,22,82.208,GF,
13,GTD,23,82.977,GF,
13,GTD,24,81.674,GF,
13,GTD,25,81.749,GF,
13,GTD,26,81.542,GF,
13,GTD,27,81.655,GF,
13,GTD,28,83.144,GF,
13,GTD,29,82.738,GF,
13,GTD,30,82.122,GF,
13,GTD,31,83.568,GF,
13,GTD,32,82.281,GF,
13,GTD,33,81.036,GF,
13,GTD,34,81.274,GF,
13,GTD,35,81.352,GF,
13,GTD,36,81.208,GF,
13,GTD,37,83.626,FCY,
13,GTD,38,82.139,FCY,
13,GTD,39,88.334,FCY,
13,GTD,40,81.924,FCY,
13,GTD,41,93.268,FCY,
13,GTD,42,138.099,FCY,68.914
13,GTD,43,81.944,GF,
13,GTD,44,79.653,GF,
13,GTD,45,79.578,GF,
13,GTD,46,79.063,GF,
13,GTD,47,79.413,GF,
13,GTD,48,79.71,GF,
13,GTD,49,80.268,GF,
13,GTD,50,80.014,GF,
13,GTD,51,80.302,GF,
13,GTD,52,81.167,GF,
13,GTD,53,80.759,GF,
13,GTD,54,79.767,GF,
13,GTD,55,81.703,GF,
13,GTD,56,80.332,GF,
13,GTD,57,82.315,GF,
13,GTD,58,80.527,GF,
13,GTD,59,80.187,GF,
13,GTD,60,80.057,GF,
13,GTD,61,80.579,GF,
13,GTD,62,80.243,GF,
13,GTD,63,80.846,GF,
13,GTD,64,80.539,GF,
13,GTD,65,80.442,GF,
13,GTD,66,80.008,GF,
13,GTD,67,80.918,GF,
13,GTD,68,80.091,GF,
13,GTD,69,80.024,GF,
13,GTD,70,80.593,GF,
13,GTD,71,81.47,FF,
177,GTD,1,88.118,GF,
177,GTD,2,80.794,GF,
177,GTD,3,79.969,GF,
177,GTD,4,79.827,GF,
177,GTD,5,79.644,GF,
177,GTD,6,79.573,GF,
177,GTD,7,79.57,GF,
177,GTD,8,79.372,GF,
177,GTD,9,79.428,GF,
177,GTD,10,79.75,GF,
177,GTD,11,79.785,GF,
177,GTD,12,79.725,GF,
177,GTD,13,80.048,GF,
177,GTD,14,80.151,GF,
177,GTD,15,79.507,GF,
177,GTD,16,95.177,FCY,
177,GTD,17,101.804,FCY,
177,GTD,18,109.142,FCY,
177,GTD,19,115.506,FCY,
177,GTD,20,123.38,FCY,
177,GTD,21,125.311,GF,
177,GTD,22,80.789,GF,
177,GTD,23,79.752,GF,
177,GTD,24,79.564,GF,
177,GTD,25,79.239,GF,
177,GTD,26,90.304,GF,
177,GTD,27,124.746,GF,62.149
177,GTD,28,79.911,GF,
177,GTD,29,79.564,GF,
177,GTD,30,79.114,GF,
177,GTD,31,79.296,GF,
177,GTD,32,79.653,GF,
177,GTD,33,79.772,GF,
177,GTD,34,79.373,GF,
177,GTD,35,79.059,GF,
177,GTD,36,78.846,GF,
177,GTD,37,79.589,FCY,
177,GTD,38,108.507,FCY,
177,GTD,39,93.4,FCY,
177,GTD,40,88.126,FCY,
177,GTD,41,102.139,FCY,
177,GTD,42,122.265,FCY,
177,GTD,43,115.553,GF,
177,GTD,44,79.547,GF,
177,GTD,45,79.077,GF,
177,GTD,46,78.944,GF,
177,GTD,47,78.992,GF,
177,GTD,48,78.68,GF,
177,GTD,49,79.005,GF,
177,GTD,50,79.102,GF,
177,GTD,51,78.852,GF,
177,GTD,52,78.922,GF,
177,GTD,53,78.747,GF,
177,GTD,54,78.922,GF,
177,GTD,55,79.021,GF,
177,GTD,56,79.334,GF,
177,GTD,57,79.452,GF,
177,GTD,58,79.917,GF,
177,GTD,59,78.741,GF,
177,GTD,60,78.963,GF,
177,GTD,61,79.236,GF,
177,GTD,62,78.795,GF,
177,GTD,63,79.808,GF,
177,GTD,64,78.967,GF,
177,GTD,65,78.973,GF,
177,GTD,66,79.124,GF,
177,GTD,67,78.87,GF,
177,GTD,68,78.944,GF,
177,GTD,69,79.531,GF,
177,GTD,70,79.815,GF,
177,GTD,71,80.286,FF,
23,GTP,1,83.059,GF,
23,GTP,2,76.935,GF,
23,GTP,3,76.308,GF,
23,GTP,4,75.734,GF,
23,GTP,5,74.991,GF,
23,GTP,6,75.022,GF,
23,GTP,7,74.64,GF,
23,GTP,8,74.59,GF,
23,GTP,9,74.698,GF,
23,GTP,10,74.479,GF,
23,GTP,11,74.668,GF,
23,GTP,12,75.935,GF,
23,GTP,13,76.957,GF,
23,GTP,14,74.533,GF,
23,GTP,15,77.372,GF,
23,GTP,16,76.51,GF,
23,GTP,17,89.248,FCY,
23,GTP,18,112.135,FCY,
23,GTP,19,156.49,FCY,69.643
23,GTP,20,92.432,FCY,
23,GTP,21,90.329,FCY,
23,GTP,22,113.768,GF,
23,GTP,23,76.664,GF,
23,GTP,24,76.226,GF,
23,GTP,25,75.787,GF,
23,GTP,26,75.647,GF,
23,GTP,27,76.73,GF,
23,GTP,28,76.742,GF,
23,GTP,29,75.006,GF,
23,GTP,30,74.87,GF,
23,GTP,31,75.355,GF,
23,GTP,32,76.329,GF,
23,GTP,33,75.166,GF,
23,GTP,34,75.136,GF,
23,GTP,35,75.044,GF,
23,GTP,36,74.839,GF,
23,GTP,37,74.753,GF,
23,GTP,38,74.939,GF,
23,GTP,39,75.633,GF,
23,GTP,40,86.891,FCY,
23,GTP,41,112.569,FCY,
23,GTP,42,122.16,FCY,
23,GTP,43,116.628,FCY,
23,GTP,44,121.777,FCY,
23,GTP,45,112.85,GF,
23,GTP,46,77.057,GF,
23,GTP,47,75.529,GF,
23,GTP,48,75.425,GF,
23,GTP,49,75.831,GF,
23,GTP,50,75.231,GF,
23,GTP,51,76.234,GF,
23,GTP,52,75.297,GF,
23,GTP,53,74.805,GF,
23,GTP,54,74.579,GF,
23,GTP,55,75.486,GF,
23,GTP,56,75.311,GF,
23,GTP,57,75.301,GF,
23,GTP,58,75.153,GF,
23,GTP,59,76.355,GF,
23,GTP,60,75.682,GF,
23,GTP,61,74.932,GF,
23,GTP,62,75.156,GF,
23,GTP,63,75.809,GF,
23,GTP,64,75.439,GF,
23,GTP,65,74.831,GF,
23,GTP,66,75.01,GF,
23,GTP,67,74.919,GF,
23,GTP,68,75.029,GF,
23,GTP,69,74.889,GF,
23,GTP,70,75.171,GF,
23,GTP,71,75.206,GF,
23,GTP,72,75.289,GF,
23,GTP,73,75.253,GF,
23,GTP,74,75.248,GF,
23,GTP,75,75.933,FF,
24,GTP,1,75.966,GF,
24,GTP,2,73.852,GF,
24,GTP,3,73.419,GF,
24,GTP,4,73.024,GF,
24,GTP,5,73.062,GF,
24,GTP,6,74.102,GF,
24,GTP,7,73.434,GF,
24,GTP,8,73.669,GF,
24,GTP,9,75.447,GF,
24,GTP,10,73.664,GF,
24,GTP,11,75.52,GF,
24,GTP,12,73.991,GF,
24,GTP,13,75.898,GF,
24,GTP,14,74.001,GF,
24,GTP,15,73.676,GF,
24,GTP,16,73.696,GF,
24,GTP,17,82.851,FCY,
24,GTP,18,128.769,FCY,
24,GTP,19,162.185,FCY,64.099
24,GTP,20,92.06,FCY,
24,GTP,21,94.952,FCY,
24,GTP,22,119.945,GF,
24,GTP,23,75.062,GF,
24,GTP,24,74.751,GF,
24,GTP,25,75.136,GF,
24,GTP,26,74.679,GF,
24,GTP,27,74.804,GF,
24,GTP,28,74.706,GF,
24,GTP,29,74.61,GF,
24,GTP,30,74.916,GF,
24,GTP,31,74.939,GF,
24,GTP,32,74.76,GF,
24,GTP,33,74.668,GF,
24,GTP,34,74.92,GF,
24,GTP,35,74.434,GF,
24,GTP,36,74.214,GF,
24,GTP,37,75.377,GF,
24,GTP,38,75.399,GF,
24,GTP,39,76.673,GF,
24,GTP,40,77.571,FCY,
24,GTP,41,125.981,FCY,
24,GTP,42,123.758,FCY,
24,GTP,43,117.16,FCY,
24,GTP,44,121.218,FCY,
24,GTP,45,117.805,GF,
24,GTP,46,74.914,GF,
24,GTP,47,74.373,GF,
24,GTP,48,73.919,GF,
24,GTP,49,73.841,GF,
24,GTP,50,73.522,GF,
24,GTP,51,73.482,GF,
24,GTP,52,73.367,GF,
24,GTP,53,73.266,GF,
24,GTP,54,73.571,GF,
24,GTP,55,74.505,GF,
24,GTP,56,76.003,GF,
24,GTP,57,76.421,GF,
24,GTP,58,75.496,GF,
24,GTP,59,74.802,GF,
24,GTP,60,74.334,GF,
24,GTP,61,73.679,GF,
24,GTP,62,73.604,GF,
24,GTP,63,73.159,GF,
24,GTP,64,73.24,GF,
24,GTP,65,72.918,GF,
24,GTP,66,73.168,GF,
24,GTP,67,73.738,GF,
24,GTP,68,75.53,GF,
24,GTP,69,73.286,GF,
24,GTP,70,73.7,GF,
24,GTP,71,74.532,GF,
24,GTP,72,73.47,GF,
24,GTP,73,74.825,GF,
24,GTP,74,74.173,GF,
24,GTP,75,75.363,FF,
25,GTP,1,76.816,GF,
25,GTP,2,74.07,GF,
25,GTP,3,73.538,GF,
25,GTP,4,73.166,GF,
25,GTP,5,73.182,GF,
25,GTP,6,73.752,GF,
25,GTP,7,73.424,GF,
25,GTP,8,73.629,GF,
25,GTP,9,74.965,GF,
25,GTP,10,75.22,GF,
25,GTP,11,74.729,GF,
25,GTP,12,74.01,GF,
25,GTP,13,76.25,GF,
25,GTP,14,73.771,GF,
25,GTP,15,74.856,GF,
25,GTP,16,73.185,GF,
25,GTP,17,81.797,FCY,
25,GTP,18,118.823,FCY,
25,GTP,19,115.232,FCY,
25,GTP,20,124.986,FCY,
25,GTP,21,139.047,FCY,64.442
25,GTP,22,102.837,GF,
25,GTP,23,76.687,GF,
25,GTP,24,76.195,GF,
25,GTP,25,75.762,GF,
25,GTP,26,75.68,GF,
25,GTP,27,76.607,GF,
25,GTP,28,76.719,GF,
25,GTP,29,75.103,GF,
25,GTP,30,74.859,GF,
25,GTP,31,75.241,GF,
25,GTP,32,74.681,GF,
25,GTP,33,75.738,GF,
25,GTP,34,74.335,GF,
25,GTP,35,74.222,GF,
25,GTP,36,74.162,GF,
25,GTP,37,74.52,GF,
25,GTP,38,74.54,GF,
25,GTP,39,76.046,GF,
25,GTP,40,85.291,FCY,
25,GTP,41,115.212,FCY,
25,GTP,42,121.867,FCY,
25,GTP,43,116.428,FCY,
25,GTP,44,122.096,FCY,
25,GTP,45,114.077,GF,
25,GTP,46,76.031,GF,
25,GTP,47,74.925,GF,
25,GTP,48,75.043,GF,
25,GTP,49,74.121,GF,
25,GTP,50,73.649,GF,
25,GTP,51,73.653,GF,
25,GTP,52,73.312,GF,
25,GTP,53,73.171,GF,
25,GTP,54,73.277,GF,
25,GTP,55,73.102,GF,
25,GTP,56,75.468,GF,
25,GTP,57,74.151,GF,
25,GTP,58,77.437,GF,
25,GTP,59,73.818,GF,
25,GTP,60,74.35,GF,
25,GTP,61,74.208,GF,
25,GTP,62,74.353,GF,
25,GTP,63,73.282,GF,
25,GTP,64,73.195,GF,
25,GTP,65,73.136,GF,
25,GTP,66,73.013,GF,
25,GTP,67,73.221,GF,
25,GTP,68,75.018,GF,
25,GTP,69,75.328,GF,
25,GTP,70,74.26,GF,
25,GTP,71,74.825,GF,
25,GTP,72,74.995,GF,
25,GTP,73,73.64,GF,
25,GTP,74,74.434,GF,
25,GTP,75,74.228,FF,
27,GTD,1,87.292,GF,
27,GTD,2,80.71,GF,
27,GTD,3,80.025,GF,
27,GTD,4,79.492,GF,
27,GTD,5,79.454,GF,
27,GTD,6,79.983,GF,
27,GTD,7,79.437,GF,
27,GTD,8,79.375,GF,
27,GTD,9,79.629,GF,
27,GTD,10,79.524,GF,
27,GTD,11,79.673,GF,
27,GTD,12,79.673,GF,
27,GTD,13,80.179,GF,
27,GTD,14,79.959,GF,
27,GTD,15,79.889,GF,
27,GTD,16,94.56,FCY,
27,GTD,17,100.549,FCY,
27,GTD,18,110.719,FCY,
27,GTD,19,115.22,FCY,
27,GTD,20,124.356,FCY,
27,GTD,21,125.417,GF,
27,GTD,22,80.704,GF,
27,GTD,23,79.762,GF,
27,GTD,24,79.273,GF,
27,GTD,25,79.322,GF,
27,GTD,26,90.646,GF,
27,GTD,27,134.006,GF,65.948
27,GTD,28,81.218,GF,
27,GTD,29,80.491,GF,
27,GTD,30,80.12,GF,
27,GTD,31,80.224,GF,
27,GTD,32,79.998,GF,
27,GTD,33,79.955,GF,
27,GTD,34,79.77,GF,
27,GTD,35,83.845,GF,
27,GTD,36,82.735,GF,
27,GTD,37,83.403,FCY,
27,GTD,38,114.906,FCY,
27,GTD,39,83.899,FCY,
27,GTD,40,81.909,FCY,
27,GTD,41,98.678,FCY,
27,GTD,42,117.613,FCY,
27,GTD,43,110.525,GF,
27,GTD,44,80.849,GF,
27,GTD,45,80.039,GF,
27,GTD,46,79.964,GF,
27,GTD,47,79.847,GF,
27,GTD,48,79.854,GF,
27,GTD,49,79.761,GF,
27,GTD,50,79.527,GF,
27,GTD,51,79.622,GF,
27,GTD,52,79.613,GF,
27,GTD,53,80.261,GF,
27,GTD,54,82.008,GF,
27,GTD,55,80.469,GF,
27,GTD,56,80.564,GF,
27,GTD,57,81.34,GF,
27,GTD,58,80.841,GF,
27,GTD,59,80.094,GF,
27,GTD,60,79.906,GF,
27,GTD,61,80.112,GF,
27,GTD,62,79.838,GF,
27,GTD,63,79.712,GF,
27,GTD,64,79.829,GF,
27,GTD,65,79.699,GF,
27,GTD,66,80.596,GF,
27,GTD,67,79.823,GF,
27,GTD,68,79.704,GF,
27,GTD,69,80.204,GF,
27,GTD,70,80.338,GF,
27,GTD,71,79.889,FF,
31,GTP,1,79.983,GF,
31,GTP,2,75.322,GF,
31,GTP,3,74.441,GF,
31,GTP,4,73.975,GF,
31,GTP,5,73.94,GF,
31,GTP,6,73.827,GF,
31,GTP,7,73.837,GF,
31,GTP,8,73.998,GF,
31,GTP,9,73.837,GF,
31,GTP,10,74.813,GF,
31,GTP,11,75.594,GF,
31,GTP,12,75.6,GF,
31,GTP,13,75.359,GF,
31,GTP,14,76.006,GF,
31,GTP,15,74.95,GF,
31,GTP,16,74.128,GF,
31,GTP,17,93.304,FCY,
31,GTP,18,112.715,FCY,
31,GTP,19,160.163,FCY,58.184
31,GTP,20,93.052,FCY,
31,GTP,21,90.636,FCY,
31,GTP,22,118.266,GF,
31,GTP,23,75.628,GF,
31,GTP,24,74.785,GF,
31,GTP,25,75.01,GF,
31,GTP,26,74.588,GF,
31,GTP,27,74.807,GF,
31,GTP,28,74.642,GF,
31,GTP,29,74.627,GF,
31,GTP,30,74.763,GF,
31,GTP,31,75.024,GF,
31,GTP,32,76.164,GF,
31,GTP,33,74.661,GF,
31,GTP,34,74.287,GF,
31,GTP,35,73.956,GF,
31,GTP,36,74.305,GF,
31,GTP,37,75.949,GF,
31,GTP,38,75.1,GF,
31,GTP,39,76.87,GF,
31,GTP,40,78.046,FCY,
31,GTP,41,126.116,FCY,
31,GTP,42,123.139,FCY,
31,GTP,43,117.205,FCY,
31,GTP,44,120.746,FCY,
31,GTP,45,117.187,GF,
31,GTP,46,75.082,GF,
31,GTP,47,74.529,GF,
31,GTP,48,74.399,GF,
31,GTP,49,73.859,GF,
31,GTP,50,73.623,GF,
31,GTP,51,73.63,GF,
31,GTP,52,73.561,GF,
31,GTP,53,73.449,GF,
31,GTP,54,73.74,GF,
31,GTP,55,73.398,GF,
31,GTP,56,75.94,GF,
31,GTP,57,75.927,GF,
31,GTP,58,76.11,GF,
31,GTP,59,74.665,GF,
31,GTP,60,74.773,GF,
31,GTP,61,73.771,GF,
31,GTP,62,73.561,GF,
31,GTP,63,73.375,GF,
31,GTP,64,73.283,GF,
31,GTP,65,73.229,GF,
31,GTP,66,73.54,GF,
31,GTP,67,73.531,GF,
31,GTP,68,75.068,GF,
31,GTP,69,74.831,GF,
31,GTP,70,73.861,GF,
31,GTP,71,74.867,GF,
31,GTP,72,73.862,GF,
31,GTP,73,74.006,GF,
31,GTP,74,76.105,GF,
31,GTP,75,74.55,FF,
32,GTD,1,92.321,GF,
32,GTD,2,80.903,GF,
32,GTD,3,80.391,GF,
32,GTD,4,80.405,GF,
32,GTD,5,80.363,GF,
32,GTD,6,80.224,GF,
32,GTD,7,80.087,GF,
32,GTD,8,80.361,GF,
32,GTD,9,80.099,GF,
32,GTD,10,80.453,GF,
32,GTD,11,80.706,GF,
32,GTD,12,81.13,GF,
32,GTD,13,80.856,GF,
32,GTD,14,80.252,GF,
32,GTD,15,80.845,GF,
32,GTD,16,88.13,FCY,
32,GTD,17,102.575,FCY,
32,GTD,18,107.291,FCY,
32,GTD,19,115.857,FCY,
32,GTD,20,126.906,FCY,
32,GTD,21,119.308,GF,
32,GTD,22,81.293,GF,
32,GTD,23,80.731,GF,
32,GTD,24,80.356,GF,
32,GTD,25,92.559,GF,
32,GTD,26,128.229,GF,65.717
32,GTD,27,80.136,GF,
32,GTD,28,79.803,GF,
32,GTD,29,79.993,GF,
32,GTD,30,79.524,GF,
32,GTD,31,79.49,GF,
32,GTD,32,79.865,GF,
32,GTD,33,80.166,GF,
32,GTD,34,79.505,GF,
32,GTD,35,82.154,GF,
32,GTD,36,81.205,GF,
32,GTD,37,80.937,FCY,
32,GTD,38,116.372,FCY,
32,GTD,39,82.298,FCY,
32,GTD,40,85.191,FCY,
32,GTD,41,98.529,FCY,
32,GTD,42,118.083,FCY,
32,GTD,43,111.292,GF,
32,GTD,44,80.705,GF,
32,GTD,45,79.788,GF,
32,GTD,46,79.649,GF,
32,GTD,47,79.585,GF,
32,GTD,48,79.411,GF,
32,GTD,49,80.161,GF,
32,GTD,50,79.57,GF,
32,GTD,51,79.615,GF,
32,GTD,52,79.792,GF,
32,GTD,53,79.445,GF,
32,GTD,54,80.549,GF,
32,GTD,55,80.668,GF,
32,GTD,56,80.174,GF,
32,GTD,57,81.351,GF,
32,GTD,58,78.953,GF,
32,GTD,59,80.737,GF,
32,GTD,60,79.254,GF,
32,GTD,61,79.941,GF,
32,GTD,62,79.784,GF,
32,GTD,63,79.826,GF,
32,GTD,64,79.857,GF,
32,GTD,65,80.416,GF,
32,GTD,66,79.555,GF,
32,GTD,67,80.518,GF,
32,GTD,68,79.508,GF,
32,GTD,69,79.995,GF,
32,GTD,70,79.511,GF,
32,GTD,71,80.191,FF,
34,GTD,1,109.027,GF,
34,GTD,2,80.437,GF,
34,GTD,3,79.577,GF,
34,GTD,4,79.232,GF,
34,GTD,5,79.121,GF,
34,GTD,6,79.558,GF,
34,GTD,7,79.845,GF,
34,GTD,8,79.479,GF,
34,GTD,9,80.674,GF,
34,GTD,10,80.619,GF,
34,GTD,11,80.467,GF,
34,GTD,12,82.534,GF,
34,GTD,13,79.856,GF,
34,GTD,14,81.515,GF,
34,GTD,15,101.48,FCY,
36,GTD,1,90.466,GF,
36,GTD,2,80.836,GF,
36,GTD,3,80.137,GF,
36,GTD,4,79.948,GF,
36,GTD,5,79.734,GF,
36,GTD,6,79.709,GF,
36,GTD,7,79.479,GF,
36,GTD,8,79.382,GF,
36,GTD,9,79.789,GF,
36,GTD,10,79.683,GF,
36,GTD,11,79.729,GF,
36,GTD,12,81.348,GF,
36,GTD,13,81.551,GF,
36,GTD,14,80.06,GF,
36,GTD,15,79.772,GF,
36,GTD,16,91.991,FCY,
36,GTD,17,102.373,FCY,
36,GTD,18,109.083,FCY,
36,GTD,19,116.324,FCY,
36,GTD,20,124.523,FCY,
36,GTD,21,122.301,GF,
36,GTD,22,81.137,GF,
36,GTD,23,79.903,GF,
36,GTD,24,91.362,GF,
36,GTD,25,133.887,GF,68.283
36,GTD,26,82.801,GF,
36,GTD,27,80.159,GF,
36,GTD,28,81.855,GF,
36,GTD,29,78.897,GF,
36,GTD,30,78.846,GF,
36,GTD,31,78.854,GF,
36,GTD,32,78.956,GF,
36,GTD,33,78.839,GF,
36,GTD,34,78.684,GF,
36,GTD,35,80.849,GF,
36,GTD,36,79.879,GF,
36,GTD,37,80.763,FCY,
36,GTD,38,117.039,FCY,
36,GTD,39,82.498,FCY,
36,GTD,40,85.073,FCY,
36,GTD,41,98.566,FCY,
36,GTD,42,118.052,FCY,
36,GTD,43,111.797,GF,
36,GTD,44,80.497,GF,
36,GTD,45,79.514,GF,
36,GTD,46,79.57,GF,
36,GTD,47,79.806,GF,
36,GTD,48,79.491,GF,
36,GTD,49,80.186,GF,
36,GTD,50,79.556,GF,
36,GTD,51,79.48,GF,
36,GTD,52,79.48,GF,
36,GTD,53,79.649,GF,
36,GTD,54,80.332,GF,
36,GTD,55,80.795,GF,
36,GTD,56,79.231,GF,
36,GTD,57,90.143,GF,
36,GTD,58,131.495,GF,66.207
36,GTD,59,79.619,GF,
36,GTD,60,80.31,GF,
36,GTD,61,79.209,GF,
36,GTD,62,79.642,GF,
36,GTD,63,79.353,GF,
36,GTD,64,79.2,GF,
36,GTD,65,80.415,GF,
36,GTD,66,79.523,GF,
36,GTD,67,79.304,GF,
36,GTD,68,79.699,GF,
36,GTD,69,79.267,GF,
36,GTD,70,80.111,FF,
40,GTP,1,82.479,GF,
40,GTP,2,76.88,GF,
40,GTP,3,75.629,GF,
40,GTP,4,75.267,GF,
40,GTP,5,74.868,GF,
40,GTP,6,74.962,GF,
40,GTP,7,74.657,GF,
40,GTP,8,74.729,GF,
40,GTP,9,74.62,GF,
40,GTP,10,75.121,GF,
40,GTP,11,74.733,GF,
40,GTP,12,75.081,GF,
40,GTP,13,77.006,GF,
40,GTP,14,75.247,GF,
40,GTP,15,77.571,GF,
40,GTP,16,75.663,GF,
40,GTP,17,89.684,FCY,
40,GTP,18,112.786,FCY,
40,GTP,19,156.236,FCY,64.499
40,GTP,20,92.353,FCY,
40,GTP,21,90.669,FCY,
40,GTP,22,113.908,GF,
40,GTP,23,76.776,GF,
40,GTP,24,76.115,GF,
40,GTP,25,75.704,GF,
40,GTP,26,75.324,GF,
40,GTP,27,76.794,GF,
40,GTP,28,75.693,GF,
40,GTP,29,75.279,GF,
40,GTP,30,75.003,GF,
40,GTP,31,74.893,GF,
40,GTP,32,75.111,GF,
40,GTP,33,75.339,GF,
40,GTP,34,74.945,GF,
40,GTP,35,74.812,GF,
40,GTP,36,74.611,GF,
40,GTP,37,74.892,GF,
40,GTP,38,76.031,GF,
40,GTP,39,76.0,GF,
40,GTP,40,85.835,FCY,
40,GTP,41,114.741,FCY,
40,GTP,42,122.724,FCY,
40,GTP,43,115.912,FCY,
40,GTP,44,122.175,FCY,
40,GTP,45,113.258,GF,
40,GTP,46,77.053,GF,
40,GTP,47,75.432,GF,
40,GTP,48,75.521,GF,
40,GTP,49,75.538,GF,
40,GTP,50,75.4,GF,
40,GTP,51,76.22,GF,
40,GTP,52,75.202,GF,
40,GTP,53,74.095,GF,
40,GTP,54,73.839,GF,
40,GTP,55,74.015,GF,
40,GTP,56,73.746,GF,
40,GTP,57,73.619,GF,
40,GTP,58,76.652,GF,
40,GTP,59,76.233,GF,
40,GTP,60,75.438,GF,
40,GTP,61,74.584,GF,
40,GTP,62,75.304,GF,
40,GTP,63,74.253,GF,
40,GTP,64,75.676,GF,
40,GTP,65,74.061,GF,
40,GTP,66,73.754,GF,
40,GTP,67,73.559,GF,
40,GTP,68,73.345,GF,
40,GTP,69,73.941,GF,
40,GTP,70,73.711,GF,
40,GTP,71,75.16,GF,
40,GTP,72,76.331,GF,
40,GTP,73,75.557,GF,
40,GTP,74,75.503,GF,
40,GTP,75,76.492,FF,
45,GTD,1,95.027,GF,
45,GTD,2,82.413,GF,
45,GTD,3,81.901,GF,
45,GTD,4,80.481,GF,
45,GTD,5,79.885,GF,
45,GTD,6,79.421,GF,
45,GTD,7,80.345,GF,
45,GTD,8,80.87,GF,
45,GTD,9,79.464,GF,
45,GTD,10,80.074,GF,
45,GTD,11,81.027,GF,
45,GTD,12,80.604,GF,
45,GTD,13,79.702,GF,
45,GTD,14,81.7,GF,
45,GTD,15,80.58,GF,
45,GTD,16,90.399,FCY,
45,GTD,17,99.939,FCY,
45,GTD,18,104.6,FCY,
45,GTD,19,115.592,FCY,
45,GTD,20,127.029,FCY,
45,GTD,21,118.952,GF,
45,GTD,22,81.203,GF,
45,GTD,23,80.734,GF,
45,GTD,24,91.622,GF,
45,GTD,25,130.671,GF,64.395
45,GTD,26,83.852,GF,
45,GTD,27,80.863,GF,
45,GTD,28,82.323,GF,
45,GTD,29,81.415,GF,
45,GTD,30,79.901,GF,
45,GTD,31,79.795,GF,
45,GTD,32,79.562,GF,
45,GTD,33,80.461,GF,
45,GTD,34,80.603,GF,
45,GTD,35,79.789,GF,
45,GTD,36,82.018,GF,
45,GTD,37,88.286,FCY,
45,GTD,38,105.827,FCY,
45,GTD,39,83.862,FCY,
45,GTD,40,81.552,FCY,
45,GTD,41,98.053,FCY,
45,GTD,42,117.602,FCY,
45,GTD,43,109.749,GF,
45,GTD,44,80.499,GF,
45,GTD,45,80.287,GF,
45,GTD,46,80.085,GF,
45,GTD,47,80.12,GF,
45,GTD,48,80.103,GF,
45,GTD,49,80.032,GF,
45,GTD,50,80.181,GF,
45,GTD,51,80.324,GF,
45,GTD,52,80.203,GF,
45,GTD,53,81.477,GF,
45,GTD,54,80.612,GF,
45,GTD,55,81.063,GF,
45,GTD,56,80.897,GF,
45,GTD,57,81.831,GF,
45,GTD,58,80.659,GF,
45,GTD,59,80.418,GF,
45,GTD,60,80.194,GF,
45,GTD,61,80.42,GF,
45,GTD,62,80.252,GF,
45,GTD,63,80.418,GF,
45,GTD,64,80.337,GF,
45,GTD,65,80.976,GF,
45,GTD,66,80.144,GF,
45,GTD,67,80.163,GF,
45,GTD,68,80.548,GF,
45,GTD,69,80.415,GF,
45,GTD,70,80.604,GF,
45,GTD,71,81.422,FF,
57,GTD,1,89.487,GF,
57,GTD,2,80.578,GF,
57,GTD,3,80.439,GF,
57,GTD,4,79.512,GF,
57,GTD,5,79.597,GF,
57,GTD,6,79.897,GF,
57,GTD,7,79.457,GF,
57,GTD,8,79.572,GF,
57,GTD,9,79.805,GF,
57,GTD,10,79.75,GF,
57,GTD,11,79.869,GF,
57,GTD,12,81.267,GF,
57,GTD,13,80.031,GF,
57,GTD,14,80.737,GF,
57,GTD,15,79.669,GF,
57,GTD,16,92.168,FCY,
57,GTD,17,101.986,FCY,
57,GTD,18,109.085,FCY,
57,GTD,19,116.44,FCY,
57,GTD,20,124.224,FCY,
57,GTD,21,123.419,GF,
57,GTD,22,81.27,GF,
57,GTD,23,79.988,GF,
57,GTD,24,91.042,GF,
57,GTD,25,127.09,GF,64.229
57,GTD,26,79.461,GF,
57,GTD,27,79.96,GF,
57,GTD,28,79.771,GF,
57,GTD,29,79.482,GF,
57,GTD,30,79.309,GF,
57,GTD,31,79.652,GF,
57,GTD,32,79.798,GF,
57,GTD,33,79.565,GF,
57,GTD,34,79.852,GF,
57,GTD,35,79.396,GF,
57,GTD,36,79.753,GF,
57,GTD,37,81.028,FCY,
57,GTD,38,123.757,FCY,
57,GTD,39,85.374,FCY,
57,GTD,40,84.99,FCY,
57,GTD,41,96.224,FCY,
57,GTD,42,119.991,FCY,
57,GTD,43,112.504,GF,
57,GTD,44,80.384,GF,
57,GTD,45,79.805,GF,
57,GTD,46,79.648,GF,
57,GTD,47,79.706,GF,
57,GTD,48,79.344,GF,
57,GTD,49,79.503,GF,
57,GTD,50,79.097,GF,
57,GTD,51,79.332,GF,
57,GTD,52,79.201,GF,
57,GTD,53,79.101,GF,
57,GTD,54,79.219,GF,
57,GTD,55,79.572,GF,
57,GTD,56,80.267,GF,
57,GTD,57,79.203,GF,
57,GTD,58,79.66,GF,
57,GTD,59,79.513,GF,
57,GTD,60,79.09,GF,
57,GTD,61,79.541,GF,
57,GTD,62,79.192,GF,
57,GTD,63,78.963,GF,
57,GTD,64,78.762,GF,
57,GTD,65,79.192,GF,
57,GTD,66,78.693,GF,
57,GTD,67,78.829,GF,
57,GTD,68,79.421,GF,
57,GTD,69,80.322,GF,
57,GTD,70,79.402,GF,
57,GTD,71,79.042,FF,
6,GTP,1,78.251,GF,
6,GTP,2,74.933,GF,
6,GTP,3,74.297,GF,
6,GTP,4,74.022,GF,
6,GTP,5,74.024,GF,
6,GTP,6,73.778,GF,
6,GTP,7,74.046,GF,
6,GTP,8,73.747,GF,
6,GTP,9,73.818,GF,
6,GTP,10,74.023,GF,
6,GTP,11,75.127,GF,
6,GTP,12,76.373,GF,
6,GTP,13,75.262,GF,
6,GTP,14,75.687,GF,
6,GTP,15,74.811,GF,
6,GTP,16,73.876,GF,
6,GTP,17,83.151,FCY,
6,GTP,18,120.527,FCY,
6,GTP,19,155.769,FCY,60.305
6,GTP,20,88.881,FCY,
6,GTP,21,100.508,FCY,
6,GTP,22,120.752,GF,
6,GTP,23,75.29,GF,
6,GTP,24,74.38,GF,
6,GTP,25,74.595,GF,
6,GTP,26,74.469,GF,
6,GTP,27,75.405,GF,
6,GTP,28,74.151,GF,
6,GTP,29,73.999,GF,
6,GTP,30,74.825,GF,
6,GTP,31,75.516,GF,
6,GTP,32,75.697,GF,
6,GTP,33,74.25,GF,
6,GTP,34,74.492,GF,
6,GTP,35,74.447,GF,
6,GTP,36,74.612,GF,
6,GTP,37,74.491,GF,
6,GTP,38,77.567,GF,
6,GTP,39,75.587,GF,
6,GTP,40,77.903,FCY,
6,GTP,41,126.75,FCY,
6,GTP,42,123.396,FCY,
6,GTP,43,117.255,FCY,
6,GTP,44,120.985,FCY,
6,GTP,45,118.378,GF,
6,GTP,46,74.83,GF,
6,GTP,47,74.356,GF,
6,GTP,48,73.708,GF,
6,GTP,49,73.749,GF,
6,GTP,50,73.337,GF,
6,GTP,51,73.269,GF,
6,GTP,52,73.291,GF,
6,GTP,53,73.656,GF,
6,GTP,54,73.226,GF,
6,GTP,55,74.763,GF,
6,GTP,56,75.036,GF,
6,GTP,57,76.689,GF,
6,GTP,58,73.798,GF,
6,GTP,59,74.368,GF,
6,GTP,60,73.26,GF,
6,GTP,61,72.872,GF,
6,GTP,62,72.752,GF,
6,GTP,63,72.999,GF,
6,GTP,64,72.712,GF,
6,GTP,65,73.09,GF,
6,GTP,66,73.087,GF,
6,GTP,67,76.256,GF,
6,GTP,68,73.154,GF,
6,GTP,69,74.218,GF,
6,GTP,70,74.335,GF,
6,GTP,71,73.184,GF,
6,GTP,72,74.092,GF,
6,GTP,73,73.776,GF,
6,GTP,74,73.47,GF,
6,GTP,75,73.644,FF,
60,GTP,1,79.229,GF,
60,GTP,2,75.194,GF,
60,GTP,3,74.382,GF,
60,GTP,4,74.079,GF,
60,GTP,5,73.849,GF,
60,GTP,6,73.935,GF,
60,GTP,7,73.86,GF,
60,GTP,8,73.736,GF,
60,GTP,9,73.861,GF,
60,GTP,10,75.246,GF,
60,GTP,11,75.659,GF,
60,GTP,12,75.701,GF,
60,GTP,13,75.165,GF,
60,GTP,14,75.239,GF,
60,GTP,15,75.098,GF,
60,GTP,16,74.348,GF,
60,GTP,17,82.398,FCY,
60,GTP,18,110.495,FCY,
60,GTP,19,115.178,FCY,
60,GTP,20,123.225,FCY,
60,GTP,21,141.677,FCY,64.947
60,GTP,22,100.492,GF,
60,GTP,23,76.667,GF,
60,GTP,24,76.159,GF,
60,GTP,25,75.998,GF,
60,GTP,26,75.762,GF,
60,GTP,27,77.568,GF,
60,GTP,28,76.373,GF,
60,GTP,29,76.3,GF,
60,GTP,30,75.227,GF,
60,GTP,31,75.292,GF,
60,GTP,32,75.176,GF,
60,GTP,33,75.039,GF,
60,GTP,34,76.54,GF,
60,GTP,35,74.977,GF,
60,GTP,36,75.415,GF,
60,GTP,37,75.553,GF,
60,GTP,38,75.776,GF,
60,GTP,39,74.772,GF,
60,GTP,40,86.111,FCY,
60,GTP,41,110.415,FCY,
60,GTP,42,131.754,FCY,
60,GTP,43,133.118,FCY,66.581
60,GTP,44,94.841,FCY,
60,GTP,45,112.245,GF,
60,GTP,46,77.276,GF,
60,GTP,47,75.291,GF,
60,GTP,48,75.402,GF,
60,GTP,49,75.986,GF,
60,GTP,50,75.075,GF,
60,GTP,51,76.219,GF,
60,GTP,52,75.541,GF,
60,GTP,53,74.624,GF,
60,GTP,54,74.888,GF,
60,GTP,55,75.128,GF,
60,GTP,56,75.381,GF,
60,GTP,57,75.307,GF,
60,GTP,58,75.324,GF,
60,GTP,59,76.219,GF,
60,GTP,60,77.127,GF,
60,GTP,61,74.984,GF,
60,GTP,62,77.06,GF,
60,GTP,63,74.357,GF,
60,GTP,64,74.762,GF,
60,GTP,65,74.23,GF,
60,GTP,66,75.362,GF,
60,GTP,67,74.125,GF,
60,GTP,68,74.814,GF,
60,GTP,69,75.003,GF,
60,GTP,70,75.075,GF,
60,GTP,71,75.371,GF,
60,GTP,72,75.209,GF,
60,GTP,73,75.198,GF,
60,GTP,74,75.241,GF,
60,GTP,75,76.86,FF,
66,GTD,1,94.836,GF,
66,GTD,2,82.207,GF,
66,GTD,3,80.674,GF,
66,GTD,4,80.506,GF,
66,GTD,5,80.144,GF,
66,GTD,6,80.207,GF,
66,GTD,7,80.448,GF,
66,GTD,8,82.007,GF,
66,GTD,9,82.291,GF,
66,GTD,10,82.597,GF,
66,GTD,11,81.009,GF,
66,GTD,12,81.51,GF,
66,GTD,13,80.788,GF,
66,GTD,14,81.04,GF,
66,GTD,15,81.108,GF,
66,GTD,16,89.671,FCY,
66,GTD,17,96.801,FCY,
66,GTD,18,102.272,FCY,
66,GTD,19,115.479,FCY,
66,GTD,20,128.339,FCY,
66,GTD,21,117.038,GF,
66,GTD,22,81.233,GF,
66,GTD,23,80.321,GF,
66,GTD,24,80.765,GF,
66,GTD,25,80.066,GF,
66,GTD,26,80.975,GF,
66,GTD,27,92.315,GF,
66,GTD,28,134.01,GF,68.053
66,GTD,29,81.313,GF,
66,GTD,30,79.791,GF,
66,GTD,31,79.864,GF,
66,GTD,32,79.843,GF,
66,GTD,33,79.932,GF,
66,GTD,34,79.933,GF,
66,GTD,35,79.907,GF,
66,GTD,36,81.331,GF,
66,GTD,37,87.97,FCY,
66,GTD,38,106.606,FCY,
66,GTD,39,84.309,FCY,
66,GTD,40,82.216,FCY,
66,GTD,41,98.185,FCY,
66,GTD,42,117.391,FCY,
66,GTD,43,109.886,GF,
66,GTD,44,80.598,GF,
66,GTD,45,80.238,GF,
66,GTD,46,80.044,GF,
66,GTD,47,80.277,GF,
66,GTD,48,80.1,GF,
66,GTD,49,80.159,GF,
66,GTD,50,80.175,GF,
66,GTD,51,80.25,GF,
66,GTD,52,80.253,GF,
66,GTD,53,81.511,GF,
66,GTD,54,80.665,GF,
66,GTD,55,80.965,GF,
66,GTD,56,80.892,GF,
66,GTD,57,81.875,GF,
66,GTD,58,80.631,GF,
66,GTD,59,80.389,GF,
66,GTD,60,80.263,GF,
66,GTD,61,80.356,GF,
66,GTD,62,80.265,GF,
66,GTD,63,80.311,GF,
66,GTD,64,80.415,GF,
66,GTD,65,80.505,GF,
66,GTD,66,80.464,GF,
66,GTD,67,80.16,GF,
66,GTD,68,80.744,GF,
66,GTD,69,80.238,GF,
66,GTD,70,80.581,GF,
66,GTD,71,81.023,FF,
7,GTP,1,77.432,GF,
7,GTP,2,74.629,GF,
7,GTP,3,74.039,GF,
7,GTP,4,73.724,GF,
7,GTP,5,73.631,GF,
7,GTP,6,73.538,GF,
7,GTP,7,73.458,GF,
7,GTP,8,73.303,GF,
7,GTP,9,73.753,GF,
7,GTP,10,74.799,GF,
7,GTP,11,75.375,GF,
7,GTP,12,74.938,GF,
7,GTP,13,74.976,GF,
7,GTP,14,74.712,GF,
7,GTP,15,74.052,GF,
7,GTP,16,73.652,GF,
7,GTP,17,82.395,FCY,
7,GTP,18,126.293,FCY,
7,GTP,19,150.663,FCY,59.324
7,GTP,20,86.758,FCY,
7,GTP,21,107.825,FCY,
7,GTP,22,121.026,GF,
7,GTP,23,75.008,GF,
7,GTP,24,74.734,GF,
7,GTP,25,74.41,GF,
7,GTP,26,74.345,GF,
7,GTP,27,74.585,GF,
7,GTP,28,74.193,GF,
7,GTP,29,74.185,GF,
7,GTP,30,74.893,GF,
7,GTP,31,75.021,GF,
7,GTP,32,75.071,GF,
7,GTP,33,74.295,GF,
7,GTP,34,74.514,GF,
7,GTP,35,74.207,GF,
7,GTP,36,75.097,GF,
7,GTP,37,74.852,GF,
7,GTP,38,75.927,GF,
7,GTP,39,74.657,GF,
7,GTP,40,76.826,FCY,
7,GTP,41,130.813,FCY,
7,GTP,42,123.564,FCY,
7,GTP,43,117.471,FCY,
7,GTP,44,121.351,FCY,
7,GTP,45,118.27,GF,
7,GTP,46,74.946,GF,
7,GTP,47,74.246,GF,
7,GTP,48,73.819,GF,
7,GTP,49,73.673,GF,
7,GTP,50,73.309,GF,
7,GTP,51,73.285,GF,
7,GTP,52,73.396,GF,
7,GTP,53,73.203,GF,
7,GTP,54,73.074,GF,
7,GTP,55,74.936,GF,
7,GTP,56,74.248,GF,
7,GTP,57,75.035,GF,
7,GTP,58,74.114,GF,
7,GTP,59,75.016,GF,
7,GTP,60,73.323,GF,
7,GTP,61,73.084,GF,
7,GTP,62,73.061,GF,
7,GTP,63,72.996,GF,
7,GTP,64,72.708,GF,
7,GTP,65,72.873,GF,
7,GTP,66,73.295,GF,
7,GTP,67,75.353,GF,
7,GTP,68,73.646,GF,
7,GTP,69,75.01,GF,
7,GTP,70,73.182,GF,
7,GTP,71,73.066,GF,
7,GTP,72,73.625,GF,
7,GTP,73,73.927,GF,
7,GTP,74,73.558,GF,
7,GTP,75,73.755,FF,
70,GTD,1,94.871,GF,
70,GTD,2,82.167,GF,
70,GTD,3,82.166,GF,
70,GTD,4,80.462,GF,
70,GTD,5,81.391,GF,
70,GTD,6,80.239,GF,
70,GTD,7,80.238,GF,
70,GTD,8,80.011,GF,
70,GTD,9,82.248,GF,
70,GTD,10,82.725,GF,
70,GTD,11,81.132,GF,
70,GTD,12,82.057,GF,
70,GTD,13,80.472,GF,
70,GTD,14,82.368,GF,
70,GTD,15,81.262,GF,
70,GTD,16,88.153,FCY,
70,GTD,17,97.329,FCY,
70,GTD,18,101.916,FCY,
70,GTD,19,115.511,FCY,
70,GTD,20,130.444,FCY,
70,GTD,21,114.337,GF,
70,GTD,22,81.911,GF,
70,GTD,23,80.76,GF,
70,GTD,24,91.743,GF,
70,GTD,25,134.515,GF,69.41
70,GTD,26,79.974,GF,
70,GTD,27,79.405,GF,
70,GTD,28,81.124,GF,
70,GTD,29,79.793,GF,
70,GTD,30,79.136,GF,
70,GTD,31,79.083,GF,
70,GTD,32,78.93,GF,
70,GTD,33,79.198,GF,
70,GTD,34,79.516,GF,
70,GTD,35,79.669,GF,
70,GTD,36,81.203,GF,
70,GTD,37,88.579,FCY,
70,GTD,38,109.95,FCY,
70,GTD,39,84.199,FCY,
70,GTD,40,81.729,FCY,
70,GTD,41,98.749,FCY,
70,GTD,42,117.811,FCY,
70,GTD,43,110.138,GF,
70,GTD,44,80.696,GF,
70,GTD,45,80.256,GF,
70,GTD,46,79.967,GF,
70,GTD,47,79.865,GF,
70,GTD,48,79.639,GF,
70,GTD,49,79.889,GF,
70,GTD,50,79.769,GF,
70,GTD,51,79.401,GF,
70,GTD,52,79.658,GF,
70,GTD,53,80.061,GF,
70,GTD,54,82.496,GF,
70,GTD,55,79.979,GF,
70,GTD,56,80.629,GF,
70,GTD,57,80.271,GF,
70,GTD,58,79.443,GF,
70,GTD,59,79.599,GF,
70,GTD,60,79.717,GF,
70,GTD,61,79.178,GF,
70,GTD,62,79.103,GF,
70,GTD,63,79.253,GF,
70,GTD,64,79.53,GF,
70,GTD,65,80.127,GF,
70,GTD,66,79.829,GF,
70,GTD,67,81.023,GF,
70,GTD,68,79.404,GF,
70,GTD,69,79.669,GF,
70,GTD,70,79.588,GF,
70,GTD,71,79.969,FF,
78,GTD,1,93.508,GF,
78,GTD,2,81.158,GF,
78,GTD,3,80.63,GF,
78,GTD,4,81.142,GF,
78,GTD,5,80.213,GF,
78,GTD,6,79.997,GF,
78,GTD,7,80.443,GF,
78,GTD,8,80.217,GF,
78,GTD,9,79.611,GF,
78,GTD,10,81.342,GF,
78,GTD,11,80.717,GF,
78,GTD,12,80.747,GF,
78,GTD,13,80.344,GF,
78,GTD,14,82.355,GF,
78,GTD,15,83.148,GF,
78,GTD,16,94.402,FCY,
78,GTD,17,96.323,FCY,
78,GTD,18,103.183,FCY,
78,GTD,19,115.497,FCY,
78,GTD,20,127.615,FCY,
78,GTD,21,117.942,GF,
78,GTD,22,93.081,GF,
78,GTD,23,105.073,GF,42.696
78,GTD,24,80.485,GF,
78,GTD,25,93.125,GF,
78,GTD,26,129.737,GF,66.971
78,GTD,27,80.913,GF,
78,GTD,28,80.395,GF,
78,GTD,29,80.432,GF,
78,GTD,30,81.282,GF,
78,GTD,31,81.615,GF,
78,GTD,32,80.464,GF,
78,GTD,33,80.012,GF,
78,GTD,34,79.762,GF,
78,GTD,35,80.096,GF,
78,GTD,36,80.281,GF,
78,GTD,37,87.192,FCY,
78,GTD,38,81.578,FCY,
78,GTD,39,90.642,FCY,
78,GTD,40,82.118,FCY,
78,GTD,41,86.135,FCY,
78,GTD,42,117.054,FCY,
78,GTD,43,108.379,GF,
78,GTD,44,81.254,GF,
78,GTD,45,80.198,GF,
78,GTD,46,79.756,GF,
78,GTD,47,79.598,GF,
78,GTD,48,80.064,GF,
78,GTD,49,80.197,GF,
78,GTD,50,80.104,GF,
78,GTD,51,80.277,GF,
78,GTD,52,80.794,GF,
78,GTD,53,81.061,GF,
78,GTD,54,80.472,GF,
78,GTD,55,81.593,GF,
78,GTD,56,80.309,GF,
78,GTD,57,82.283,GF,
78,GTD,58,80.461,GF,
78,GTD,59,80.417,GF,
78,GTD,60,79.983,GF,
78,GTD,61,80.333,GF,
78,GTD,62,80.313,GF,
78,GTD,63,80.863,GF,
78,GTD,64,80.695,GF,
78,GTD,65,80.483,GF,
78,GTD,66,79.994,GF,
78,GTD,67,80.761,GF,
78,GTD,68,80.209,GF,
78,GTD,69,80.081,GF,
78,GTD,70,80.49,GF,
78,GTD,71,81.498,FF,
85,GTP,1,81.394,GF,
85,GTP,2,75.099,GF,
85,GTP,3,74.794,GF,
85,GTP,4,74.562,GF,
85,GTP,5,74.219,GF,
85,GTP,6,74.116,GF,
85,GTP,7,74.282,GF,
85,GTP,8,73.877,GF,
85,GTP,9,74.394,GF,
85,GTP,10,74.934,GF,
85,GTP,11,74.279,GF,
85,GTP,12,74.932,GF,
85,GTP,13,76.374,GF,
85,GTP,14,74.906,GF,
85,GTP,15,76.389,GF,
85,GTP,16,75.189,GF,
85,GTP,17,90.359,FCY,
85,GTP,18,112.767,FCY,
85,GTP,19,161.052,FCY,62.712
85,GTP,20,92.245,FCY,
85,GTP,21,91.493,FCY,
85,GTP,22,117.107,GF,
85,GTP,23,75.854,GF,
85,GTP,24,76.183,GF,
85,GTP,25,75.716,GF,
85,GTP,26,75.138,GF,
85,GTP,27,75.113,GF,
85,GTP,28,74.84,GF,
85,GTP,29,75.026,GF,
85,GTP,30,75.155,GF,
85,GTP,31,75.365,GF,
85,GTP,32,75.961,GF,
85,GTP,33,74.716,GF,
85,GTP,34,75.294,GF,
85,GTP,35,74.79,GF,
85,GTP,36,74.901,GF,
85,GTP,37,74.893,GF,
85,GTP,38,75.39,GF,
85,GTP,39,76.047,GF,
85,GTP,40,95.718,FCY,
85,GTP,41,111.105,FCY,
85,GTP,42,132.389,FCY,
85,GTP,43,149.959,FCY,84.116
85,GTP,44,84.386,FCY,
85,GTP,45,108.204,GF,
85,GTP,46,75.841,GF,
85,GTP,47,75.35,GF,
85,GTP,48,75.449,GF,
85,GTP,49,75.856,GF,
85,GTP,50,75.126,GF,
85,GTP,51,76.35,GF,
85,GTP,52,76.068,GF,
85,GTP,53,74.279,GF,
85,GTP,54,75.81,GF,
85,GTP,55,74.381,GF,
85,GTP,56,74.931,GF,
85,GTP,57,75.271,GF,
85,GTP,58,75.382,GF,
85,GTP,59,76.138,GF,
85,GTP,60,77.76,GF,
85,GTP,61,75.444,GF,
85,GTP,62,76.503,GF,
85,GTP,63,74.352,GF,
85,GTP,64,74.377,GF,
85,GTP,65,74.316,GF,
85,GTP,66,75.837,GF,
85,GTP,67,74.186,GF,
85,GTP,68,74.033,GF,
85,GTP,69,74.912,GF,
85,GTP,70,75.177,GF,
85,GTP,71,75.243,GF,
85,GTP,72,75.521,GF,
85,GTP,73,75.014,GF,
85,GTP,74,75.18,GF,
85,GTP,75,77.89,FF,
89,GTD,1,90.037,GF,
89,GTD,2,80.676,GF,
89,GTD,3,80.208,GF,
89,GTD,4,79.762,GF,
89,GTD,5,79.508,GF,
89,GTD,6,79.725,GF,
89,GTD,7,79.63,GF,
89,GTD,8,79.541,GF,
89,GTD,9,79.72,GF,
89,GTD,10,79.623,GF,
89,GTD,11,80.078,GF,
89,GTD,12,81.18,GF,
89,GTD,13,81.183,GF,
89,GTD,14,80.663,GF,
89,GTD,15,79.445,GF,
89,GTD,16,91.972,FCY,
89,GTD,17,102.065,FCY,
89,GTD,18,109.083,FCY,
89,GTD,19,116.215,FCY,
89,GTD,20,124.494,FCY,
89,GTD,21,122.986,GF,
89,GTD,22,81.127,GF,
89,GTD,23,79.856,GF,
89,GTD,24,79.976,GF,
89,GTD,25,79.451,GF,
89,GTD,26,90.57,GF,
89,GTD,27,123.236,GF,60.599
89,GTD,28,80.147,GF,
89,GTD,29,79.966,GF,
89,GTD,30,79.776,GF,
89,GTD,31,80.772,GF,
89,GTD,32,79.56,GF,
89,GTD,33,79.652,GF,
89,GTD,34,79.452,GF,
89,GTD,35,79.559,GF,
89,GTD,36,79.587,GF,
89,GTD,37,79.981,FCY,
89,GTD,38,108.062,FCY,
89,GTD,39,90.805,FCY,
89,GTD,40,88.19,FCY,
89,GTD,41,100.986,FCY,
89,GTD,42,121.977,FCY,
89,GTD,43,114.616,GF,
89,GTD,44,80.654,GF,
89,GTD,45,79.598,GF,
89,GTD,46,79.594,GF,
89,GTD,47,79.122,GF,
89,GTD,48,78.88,GF,
89,GTD,49,79.047,GF,
89,GTD,50,79.152,GF,
89,GTD,51,78.865,GF,
89,GTD,52,79.192,GF,
89,GTD,53,78.981,GF,
89,GTD,54,78.83,GF,
89,GTD,55,79.469,GF,
89,GTD,56,80.308,GF,
89,GTD,57,79.965,GF,
89,GTD,58,79.198,GF,
89,GTD,59,79.834,GF,
89,GTD,60,79.53,GF,
89,GTD,61,79.559,GF,
89,GTD,62,79.342,GF,
89,GTD,63,79.617,GF,
89,GTD,64,79.539,GF,
89,GTD,65,79.15,GF,
89,GTD,66,79.023,GF,
89,GTD,67,79.004,GF,
89,GTD,68,79.568,GF,
89,GTD,69,79.727,GF,
89,GTD,70,79.387,GF,
89,GTD,71,79.532,FF,
93,GTP,1,77.991,GF,
93,GTP,2,74.796,GF,
93,GTP,3,74.193,GF,
93,GTP,4,73.949,GF,
93,GTP,5,74.01,GF,
93,GTP,6,73.982,GF,
93,GTP,7,73.96,GF,
93,GTP,8,73.665,GF,
93,GTP,9,73.614,GF,
93,GTP,10,74.328,GF,
93,GTP,11,75.325,GF,
93,GTP,12,76.526,GF,
93,GTP,13,74.072,GF,
93,GTP,14,75.622,GF,
93,GTP,15,74.891,GF,
93,GTP,16,74.302,GF,
93,GTP,17,82.507,FCY,
93,GTP,18,121.633,FCY,
93,GTP,19,160.135,FCY,61.41
93,GTP,20,90.666,FCY,
93,GTP,21,96.328,FCY,
93,GTP,22,131.986,GF,
93,GTP,23,141.949,GF,83.235
93,GTP,24,75.517,GF,
93,GTP,25,75.099,GF,
93,GTP,26,75.019,GF,
93,GTP,27,75.087,GF,
93,GTP,28,74.938,GF,
93,GTP,29,74.819,GF,
93,GTP,30,75.218,GF,
93,GTP,31,76.126,GF,
93,GTP,32,74.991,GF,
93,GTP,33,75.172,GF,
93,GTP,34,75.08,GF,
93,GTP,35,74.972,GF,
93,GTP,36,74.902,GF,
93,GTP,37,75.421,GF,
93,GTP,38,77.703,GF,
93,GTP,39,85.121,FCY,
93,GTP,40,115.378,FCY,
93,GTP,41,120.738,FCY,
93,GTP,42,117.132,FCY,
93,GTP,43,121.301,FCY,
93,GTP,44,115.86,GF,
93,GTP,45,76.169,GF,
93,GTP,46,75.658,GF,
93,GTP,47,77.176,GF,
93,GTP,48,75.4,GF,
93,GTP,49,75.343,GF,
93,GTP,50,76.881,GF,
93,GTP,51,79.269,GF,
93,GTP,52,76.169,GF,
93,GTP,53,75.985,GF,
93,GTP,54,76.253,GF,
93,GTP,55,75.932,GF,
93,GTP,56,75.933,GF,
93,GTP,57,75.341,GF,
93,GTP,58,75.543,GF,
93,GTP,59,76.354,GF,
93,GTP,60,76.577,GF,
93,GTP,61,74.94,GF,
93,GTP,62,75.855,GF,
93,GTP,63,74.668,GF,
93,GTP,64,75.307,GF,
93,GTP,65,75.571,GF,
93,GTP,66,75.646,GF,
93,GTP,67,75.937,GF,
93,GTP,68,75.197,GF,
93,GTP,69,75.686,GF,
93,GTP,70,75.414,GF,
93,GTP,71,76.217,GF,
93,GTP,72,75.562,GF,
93,GTP,73,75.585,GF,
93,GTP,74,75.652,FF,
96,GTD,1,88.69,GF,
96,GTD,2,80.729,GF,
96,GTD,3,80.223,GF,
96,GTD,4,79.693,GF,
96,GTD,5,79.68,GF,
96,GTD,6,79.686,GF,
96,GTD,7,79.552,GF,
96,GTD,8,79.642,GF,
96,GTD,9,79.55,GF,
96,GTD,10,79.846,GF,
96,GTD,11,79.551,GF,
96,GTD,12,81.147,GF,
96,GTD,13,79.877,GF,
96,GTD,14,81.049,GF,
96,GTD,15,80.111,GF,
96,GTD,16,92.152,FCY,
96,GTD,17,101.861,FCY,
96,GTD,18,109.171,FCY,
96,GTD,19,116.401,FCY,
96,GTD,20,124.404,FCY,
96,GTD,21,123.368,GF,
96,GTD,22,81.068,GF,
96,GTD,23,80.049,GF,
96,GTD,24,91.023,GF,
96,GTD,25,126.023,GF,62.141
96,GTD,26,80.107,GF,
96,GTD,27,80.655,GF,
96,GTD,28,79.718,GF,
96,GTD,29,79.491,GF,
96,GTD,30,79.415,GF,
96,GTD,31,79.722,GF,
96,GTD,32,79.711,GF,
96,GTD,33,79.414,GF,
96,GTD,34,79.684,GF,
96,GTD,35,79.65,GF,
96,GTD,36,79.621,GF,
96,GTD,37,80.711,FCY,
96,GTD,38,121.781,FCY,
96,GTD,39,84.104,FCY,
96,GTD,40,84.932,FCY,
96,GTD,41,98.324,FCY,
96,GTD,42,120.258,FCY,
96,GTD,43,113.737,GF,
96,GTD,44,80.561,GF,
96,GTD,45,79.934,GF,
96,GTD,46,79.59,GF,
96,GTD,47,79.614,GF,
96,GTD,48,79.538,GF,
96,GTD,49,80.749,GF,
96,GTD,50,79.555,GF,
96,GTD,51,79.472,GF,
96,GTD,52,79.522,GF,
96,GTD,53,79.658,GF,
96,GTD,54,80.123,GF,
96,GTD,55,81.722,GF,
96,GTD,56,80.156,GF,
96,GTD,57,80.194,GF,
96,GTD,58,79.551,GF,
96,GTD,59,80.738,GF,
96,GTD,60,79.753,GF,
96,GTD,61,80.014,GF,
96,GTD,62,79.76,GF,
96,GTD,63,79.821,GF,
96,GTD,64,79.674,GF,
96,GTD,65,79.523,GF,
96,GTD,66,80.18,GF,
96,GTD,67,80.091,GF,
96,GTD,68,80.169,GF,
96,GTD,69,79.728,GF,
96,GTD,70,79.667,GF,
96,GTD,71,79.925,FF,
